0	1	1
2	3	1
4	5	1
6	7	1
8	9	1
10	11	1
12	13	1
14	15	1
16	17	1
18	19	1
20	21	1
22	23	1
24	25	1
26	27	1
28	29	1
30	31	1
32	33	1
34	35	1
36	37	1
38	39	1
40	25	1
41	42	1
43	44	1
45	46	1
47	48	1
49	50	1
51	52	1
53	54	1
55	56	1
57	58	1
59	60	1
61	62	1
63	64	1
65	66	1
67	68	1
69	70	1
71	72	1
73	74	1
75	68	1
76	77	1
78	79	1
80	81	1
82	83	1
84	85	1
86	87	1
88	89	1
90	91	1
75	92	1
93	94	1
95	96	1
97	98	1
61	99	1
100	101	1
102	103	1
68	104	1
105	106	1
5	107	1
108	109	1
110	111	1
112	113	1
61	114	1
115	116	1
117	118	1
119	120	1
121	122	1
123	124	1
125	50	1
126	127	1
128	109	1
129	130	1
131	132	1
133	134	1
135	136	1
108	137	1
138	139	1
140	141	1
142	143	1
144	145	1
146	147	1
148	149	1
150	151	1
152	153	1
154	155	1
156	157	1
158	159	1
160	161	1
162	163	1
109	164	1
165	166	1
167	168	1
169	170	1
171	172	1
173	174	1
175	176	1
7	177	1
26	178	1
179	180	1
181	109	1
182	25	1
183	184	1
185	186	1
187	188	1
189	190	1
191	192	1
193	194	1
195	196	1
156	197	1
198	199	1
196	200	1
91	201	1
202	203	1
204	205	1
56	206	1
207	101	1
208	209	1
210	211	1
10	212	1
213	79	1
214	215	1
139	216	1
217	218	1
219	57	1
220	221	1
222	223	1
224	225	1
87	226	1
36	65	1
4	227	1
228	229	1
230	231	1
232	233	1
234	235	1
236	237	1
238	239	1
240	33	1
241	112	1
43	242	1
59	243	1
244	245	1
246	247	1
248	249	1
250	68	1
251	252	1
127	253	1
254	105	1
193	255	1
256	128	1
257	59	1
174	50	1
258	259	1
182	113	1
260	261	1
262	263	1
264	265	1
10	266	1
267	101	1
268	154	1
4	269	1
270	271	1
272	273	1
274	101	1
275	276	1
277	278	1
61	279	1
280	111	1
281	139	1
282	283	1
284	285	1
183	286	1
287	79	1
288	289	1
290	291	1
222	292	1
86	293	1
201	128	1
294	295	1
10	296	1
297	298	1
299	300	1
301	302	1
303	304	1
145	305	1
306	307	1
301	308	1
309	249	1
310	311	1
249	312	1
313	50	1
314	79	1
315	316	1
317	50	1
318	319	1
288	135	1
320	247	1
321	322	1
323	248	1
324	325	1
113	326	1
315	327	1
183	255	1
328	209	1
329	217	1
330	105	1
331	332	1
333	334	1
193	101	1
335	336	1
337	338	1
339	340	1
272	341	1
342	343	1
344	345	1
82	14	1
57	287	1
321	346	1
347	348	1
5	344	1
349	350	1
351	352	1
353	354	1
355	114	1
109	105	1
356	357	1
100	279	1
347	358	1
359	360	1
361	128	1
10	362	1
307	363	1
135	237	1
364	365	1
50	235	1
366	367	1
368	55	1
193	79	1
369	75	1
296	109	1
237	309	1
370	371	1
372	373	1
374	375	1
121	376	1
377	378	1
379	380	1
6	381	1
382	383	1
384	101	1
385	386	1
387	388	1
389	68	1
390	391	1
10	392	1
20	393	1
394	395	1
396	202	1
397	115	1
383	398	1
146	90	1
399	191	1
400	401	1
402	403	1
190	404	1
61	405	1
100	248	1
406	407	1
408	357	1
38	113	1
409	410	1
411	412	1
10	413	1
414	415	1
416	417	1
418	419	1
420	421	1
100	422	1
423	302	1
424	425	1
426	427	1
428	429	1
430	343	1
431	432	1
433	434	1
105	137	1
155	435	1
337	436	1
227	437	1
438	148	1
439	440	1
294	441	1
287	442	1
443	191	1
357	60	1
444	445	1
446	270	1
447	448	1
449	151	1
450	451	1
452	453	1
112	454	1
455	205	1
4	456	1
457	255	1
458	459	1
183	194	1
434	25	1
449	460	1
461	462	1
224	463	1
464	348	1
108	465	1
453	466	1
75	467	1
468	224	1
469	98	1
105	470	1
471	472	1
236	312	1
473	474	1
475	476	1
148	477	1
65	478	1
479	480	1
146	481	1
33	456	1
482	483	1
484	485	1
486	487	1
488	489	1
490	491	1
492	270	1
493	312	1
494	495	1
496	497	1
498	499	1
500	194	1
50	380	1
501	502	1
138	27	1
194	503	1
92	188	1
309	504	1
505	50	1
506	460	1
36	12	1
91	507	1
176	508	1
509	510	1
511	512	1
513	514	1
515	516	1
517	518	1
387	441	1
519	520	1
78	521	1
91	522	1
523	524	1
525	381	1
526	527	1
528	392	1
10	529	1
530	531	1
532	215	1
533	29	1
534	535	1
536	537	1
538	539	1
540	231	1
541	460	1
176	542	1
543	544	1
321	545	1
425	546	1
355	547	1
548	321	1
4	539	1
549	78	1
448	350	1
194	527	1
550	201	1
92	419	1
551	552	1
426	168	1
553	554	1
555	556	1
557	558	1
559	560	1
561	245	1
278	562	1
563	108	1
308	470	1
181	564	1
565	270	1
194	566	1
567	568	1
569	570	1
571	572	1
366	298	1
573	574	1
575	546	1
156	25	1
576	376	1
208	577	1
108	125	1
578	579	1
248	580	1
581	582	1
583	584	1
270	11	1
108	119	1
267	585	1
586	470	1
587	294	1
268	588	1
589	590	1
591	592	1
593	594	1
595	32	1
596	312	1
597	550	1
598	48	1
82	599	1
600	245	1
601	109	1
365	602	1
603	604	1
605	606	1
87	6	1
298	607	1
10	256	1
340	608	1
100	146	1
609	610	1
611	32	1
612	613	1
564	614	1
108	237	1
615	550	1
248	269	1
616	617	1
618	619	1
280	620	1
250	621	1
622	564	1
623	624	1
625	111	1
607	626	1
627	443	1
625	628	1
272	629	1
630	412	1
631	25	1
304	632	1
293	633	1
241	634	1
444	380	1
150	148	1
635	636	1
637	510	1
638	639	1
640	316	1
641	312	1
642	643	1
406	644	1
500	209	1
30	645	1
646	636	1
647	25	1
648	440	1
649	7	1
94	418	1
650	651	1
5	652	1
653	654	1
655	90	1
656	657	1
431	658	1
270	659	1
217	388	1
660	661	1
470	50	1
75	662	1
663	661	1
276	267	1
4	664	1
653	50	1
641	79	1
665	666	1
667	194	1
362	668	1
363	669	1
670	242	1
671	672	1
673	333	1
674	675	1
33	274	1
676	202	1
677	61	1
678	172	1
679	680	1
674	681	1
270	682	1
33	683	1
684	48	1
61	596	1
685	686	1
433	435	1
368	687	1
61	688	1
689	291	1
690	197	1
691	113	1
448	692	1
248	384	1
693	694	1
33	695	1
5	696	1
157	601	1
697	698	1
699	700	1
682	701	1
702	636	1
703	704	1
705	706	1
33	707	1
708	709	1
710	366	1
333	711	1
397	348	1
712	68	1
713	68	1
159	714	1
715	716	1
717	270	1
718	719	1
10	720	1
368	721	1
176	722	1
723	724	1
725	327	1
726	727	1
728	729	1
138	730	1
731	732	1
125	733	1
536	108	1
347	734	1
735	444	1
363	736	1
115	737	1
738	25	1
739	380	1
635	740	1
194	138	1
741	742	1
527	743	1
744	745	1
644	562	1
746	5	1
335	747	1
500	568	1
748	312	1
749	750	1
751	752	1
219	753	1
754	755	1
337	756	1
757	758	1
307	322	1
61	759	1
458	760	1
600	510	1
761	59	1
564	184	1
762	101	1
78	25	1
763	50	1
764	194	1
388	360	1
765	108	1
766	172	1
446	381	1
767	768	1
406	184	1
337	568	1
184	457	1
769	246	1
272	92	1
770	771	1
736	89	1
448	624	1
309	287	1
772	773	1
774	531	1
775	776	1
777	778	1
779	780	1
298	348	1
781	782	1
783	286	1
6	274	1
784	196	1
419	785	1
786	633	1
6	787	1
788	789	1
481	603	1
790	139	1
638	330	1
791	13	1
792	25	1
793	570	1
794	716	1
362	340	1
100	194	1
795	796	1
797	798	1
799	800	1
801	293	1
802	326	1
293	294	1
803	289	1
152	457	1
669	343	1
804	217	1
89	805	1
806	807	1
568	808	1
109	809	1
417	810	1
811	50	1
812	184	1
813	814	1
815	274	1
616	816	1
228	817	1
818	819	1
603	572	1
603	820	1
821	285	1
674	20	1
822	272	1
823	824	1
825	811	1
826	657	1
827	108	1
115	59	1
828	79	1
829	462	1
830	831	1
832	226	1
833	380	1
572	834	1
835	727	1
10	50	1
764	101	1
323	836	1
837	838	1
696	739	1
371	267	1
130	646	1
255	839	1
347	840	1
841	842	1
33	843	1
844	668	1
564	472	1
114	845	1
190	408	1
846	847	1
848	849	1
850	209	1
851	187	1
852	690	1
853	242	1
854	855	1
856	857	1
286	858	1
859	860	1
409	861	1
862	454	1
178	727	1
630	363	1
183	406	1
289	863	1
112	864	1
708	865	1
603	866	1
242	184	1
293	867	1
299	868	1
229	522	1
869	763	1
870	871	1
872	173	1
599	755	1
873	247	1
874	875	1
876	307	1
877	878	1
879	880	1
457	139	1
881	303	1
882	109	1
33	883	1
408	884	1
885	886	1
33	887	1
888	27	1
889	418	1
177	890	1
891	892	1
893	792	1
894	895	1
896	897	1
4	898	1
899	900	1
901	120	1
586	215	1
902	903	1
904	194	1
905	29	1
832	616	1
906	50	1
907	293	1
862	261	1
176	330	1
642	908	1
909	910	1
911	661	1
288	168	1
649	220	1
912	913	1
843	183	1
914	368	1
915	916	1
917	918	1
715	919	1
920	10	1
921	271	1
922	923	1
924	925	1
926	380	1
927	928	1
929	113	1
590	109	1
107	48	1
930	931	1
932	151	1
933	934	1
326	38	1
935	341	1
397	936	1
405	806	1
409	937	1
525	895	1
938	613	1
939	940	1
862	941	1
75	942	1
377	875	1
288	742	1
943	944	1
945	946	1
947	948	1
483	724	1
245	949	1
472	606	1
950	951	1
214	92	1
952	29	1
953	954	1
228	955	1
956	957	1
180	958	1
397	473	1
959	960	1
904	42	1
961	962	1
963	964	1
615	965	1
347	570	1
726	966	1
117	967	1
591	61	1
865	510	1
968	229	1
969	970	1
827	479	1
440	270	1
178	308	1
89	971	1
233	94	1
829	115	1
936	972	1
839	973	1
974	975	1
976	977	1
414	978	1
113	763	1
642	376	1
33	979	1
980	355	1
368	109	1
981	261	1
982	983	1
984	985	1
481	173	1
10	15	1
986	987	1
726	942	1
92	983	1
25	166	1
90	988	1
989	194	1
568	990	1
193	57	1
991	366	1
527	237	1
234	806	1
672	21	1
594	568	1
562	503	1
25	233	1
992	993	1
57	753	1
19	994	1
33	995	1
996	997	1
363	31	1
998	194	1
999	229	1
229	10	1
692	1000	1
1001	340	1
1002	1003	1
1004	593	1
1005	1006	1
1007	1008	1
620	1009	1
395	862	1
609	829	1
1010	1011	1
22	531	1
568	831	1
481	1012	1
108	1013	1
1014	237	1
479	1015	1
1016	931	1
512	1017	1
565	1018	1
379	445	1
296	411	1
1019	1020	1
14	586	1
417	1021	1
454	286	1
1022	1023	1
347	756	1
1024	1025	1
851	803	1
24	738	1
1026	763	1
1027	1028	1
1029	209	1
1030	153	1
309	948	1
1031	68	1
1032	640	1
1033	994	1
1022	1034	1
874	391	1
344	978	1
614	471	1
1035	1036	1
1037	564	1
1038	61	1
1039	1040	1
715	576	1
1041	1042	1
1043	1044	1
308	104	1
1045	1046	1
1047	209	1
281	269	1
1048	1049	1
1050	877	1
1051	14	1
677	101	1
1052	453	1
276	1053	1
1054	285	1
1055	1056	1
1057	200	1
10	1048	1
783	1058	1
1059	1060	1
179	139	1
1061	689	1
33	1062	1
187	693	1
1016	1063	1
938	348	1
1064	1065	1
1066	308	1
576	139	1
250	224	1
1067	1068	1
1069	250	1
108	942	1
1070	1071	1
636	1072	1
1073	280	1
90	1074	1
1075	128	1
1076	108	1
1077	33	1
708	50	1
90	734	1
7	890	1
874	926	1
1078	1079	1
1080	749	1
10	100	1
628	1081	1
421	175	1
1082	325	1
1083	242	1
1084	562	1
366	392	1
1085	1086	1
61	968	1
1087	103	1
1088	1048	1
1079	670	1
1089	355	1
222	376	1
14	780	1
1090	496	1
1091	1092	1
735	445	1
382	463	1
418	627	1
1093	829	1
1094	1095	1
1096	89	1
414	1097	1
493	101	1
1098	1099	1
1100	1101	1
1102	1103	1
1104	645	1
1105	1106	1
92	201	1
1107	1108	1
294	81	1
413	715	1
1109	109	1
337	1110	1
1111	89	1
1112	121	1
732	1113	1
1114	1012	1
94	863	1
1115	1116	1
81	79	1
474	237	1
260	644	1
1117	280	1
908	139	1
1118	340	1
1119	475	1
344	1120	1
1121	1122	1
1123	1124	1
849	224	1
591	562	1
75	1125	1
987	481	1
1126	101	1
551	460	1
1127	942	1
43	1128	1
227	1129	1
347	1130	1
158	61	1
1131	440	1
1132	1133	1
1134	1135	1
1136	1075	1
132	311	1
1137	1138	1
1139	1140	1
1141	1142	1
934	1143	1
9	193	1
1144	976	1
108	689	1
1145	1146	1
51	623	1
1147	1148	1
1149	1150	1
936	1151	1
1152	57	1
120	1153	1
526	618	1
475	151	1
395	79	1
734	79	1
92	1128	1
728	829	1
1154	298	1
1155	1156	1
1157	1158	1
670	710	1
90	208	1
1159	730	1
754	174	1
1022	108	1
582	1160	1
1161	1162	1
1163	1164	1
236	79	1
1165	233	1
4	572	1
564	1166	1
1093	1123	1
139	1167	1
278	1168	1
395	101	1
1169	636	1
1170	742	1
1171	48	1
250	365	1
1172	552	1
1173	1174	1
1175	1176	1
851	863	1
856	780	1
142	588	1
1177	829	1
1178	50	1
156	108	1
1179	1156	1
603	1180	1
328	1168	1
68	1181	1
879	481	1
499	396	1
1182	298	1
68	470	1
434	1111	1
1183	355	1
745	1152	1
1184	1185	1
1073	1186	1
344	1187	1
618	1188	1
482	1189	1
564	109	1
862	644	1
1190	151	1
247	1191	1
1192	435	1
1193	505	1
66	13	1
253	68	1
1194	1187	1
791	66	1
547	1195	1
1196	81	1
500	1197	1
572	139	1
409	1198	1
568	641	1
1199	1200	1
1201	639	1
1202	1203	1
100	255	1
1123	116	1
1204	975	1
1205	172	1
1166	606	1
14	1198	1
105	27	1
1206	351	1
368	151	1
1207	1128	1
1074	312	1
1208	824	1
272	951	1
843	151	1
1209	1151	1
33	1210	1
1211	748	1
1212	1213	1
1214	258	1
61	734	1
1215	646	1
1216	755	1
803	693	1
1217	1218	1
1219	184	1
323	287	1
1220	1221	1
722	1222	1
554	987	1
1221	682	1
158	926	1
1223	1224	1
51	1225	1
1226	1159	1
10	594	1
196	1227	1
1228	1229	1
475	1230	1
874	298	1
683	1231	1
1232	92	1
33	1233	1
225	1234	1
769	1235	1
1236	108	1
1237	489	1
6	293	1
411	835	1
1238	1239	1
1240	1162	1
343	50	1
1241	188	1
780	229	1
1242	491	1
1243	24	1
6	1244	1
1245	14	1
1246	1247	1
891	570	1
1113	1248	1
1249	10	1
1086	401	1
1250	339	1
1251	147	1
213	388	1
1252	387	1
1041	1253	1
1254	429	1
9	1255	1
948	108	1
1256	1121	1
1257	140	1
1213	380	1
1258	29	1
1259	316	1
1260	25	1
1261	539	1
1262	1263	1
1264	1265	1
1081	1266	1
1267	1268	1
355	241	1
767	139	1
1269	242	1
366	614	1
347	1270	1
255	384	1
1271	1272	1
509	489	1
669	1273	1
1274	586	1
697	560	1
1275	225	1
1276	585	1
1277	875	1
1278	351	1
1279	948	1
1280	481	1
1281	636	1
351	1282	1
1283	157	1
297	60	1
1284	235	1
1285	1286	1
316	1287	1
1288	89	1
1289	200	1
292	564	1
1290	646	1
1291	31	1
5	1292	1
829	1124	1
1293	1067	1
1294	139	1
559	59	1
891	212	1
204	85	1
1295	1132	1
149	472	1
1296	1297	1
1298	964	1
1299	998	1
1300	139	1
276	1301	1
829	1302	1
1303	1304	1
1305	1306	1
1229	340	1
857	1307	1
110	168	1
418	1308	1
1309	849	1
1310	1311	1
1312	1313	1
481	1314	1
26	908	1
570	520	1
1315	842	1
846	895	1
1129	376	1
172	39	1
340	147	1
1316	1317	1
1318	1319	1
732	1320	1
5	611	1
1219	1079	1
271	733	1
1058	29	1
363	1321	1
1322	1323	1
354	894	1
1026	748	1
10	1324	1
10	1325	1
1326	481	1
636	1327	1
852	1328	1
1329	1330	1
158	862	1
207	1331	1
344	1128	1
100	312	1
589	175	1
1332	270	1
841	108	1
496	562	1
983	1333	1
234	684	1
1334	108	1
61	839	1
1335	79	1
347	1336	1
1337	92	1
1338	1339	1
288	1340	1
1341	1342	1
1343	109	1
438	294	1
1344	1345	1
603	447	1
481	457	1
1346	128	1
1347	880	1
1348	388	1
1349	1350	1
140	248	1
843	208	1
1351	172	1
108	194	1
1352	1353	1
966	712	1
1354	41	1
411	1355	1
294	1356	1
1357	1358	1
1359	1360	1
313	1361	1
940	435	1
1362	241	1
1363	832	1
1364	1365	1
5	602	1
1124	116	1
1366	926	1
414	641	1
940	1367	1
1368	1369	1
661	1370	1
1371	1372	1
1373	1374	1
228	683	1
724	550	1
1375	425	1
1376	25	1
90	337	1
1076	168	1
749	1377	1
509	703	1
591	1378	1
234	1140	1
481	1379	1
933	1380	1
108	925	1
198	302	1
1381	1164	1
109	26	1
1328	812	1
90	1280	1
57	596	1
489	147	1
1382	75	1
1383	412	1
308	1181	1
368	779	1
1328	1384	1
803	94	1
1385	1386	1
572	1187	1
1387	118	1
1388	1389	1
1318	50	1
1390	1308	1
1391	971	1
582	402	1
1375	424	1
1065	743	1
1392	1393	1
1394	108	1
702	1395	1
412	206	1
1396	1397	1
90	998	1
1398	355	1
161	366	1
10	1399	1
1400	1401	1
1402	636	1
78	712	1
1403	68	1
1404	742	1
573	1405	1
33	1406	1
1087	178	1
1407	68	1
862	1408	1
316	882	1
1409	32	1
340	1410	1
10	699	1
1308	1411	1
1371	237	1
1412	997	1
852	1384	1
61	1413	1
1414	340	1
213	90	1
51	44	1
1184	1415	1
1416	139	1
1083	670	1
1079	184	1
183	481	1
1417	139	1
816	174	1
114	343	1
809	923	1
33	1418	1
1419	139	1
1372	1420	1
1295	1133	1
468	1421	1
1422	25	1
14	993	1
158	1244	1
1423	640	1
1424	1425	1
1426	584	1
382	398	1
68	116	1
882	1427	1
702	847	1
1428	366	1
72	1429	1
1430	188	1
1431	80	1
105	882	1
908	156	1
4	1432	1
1229	1433	1
1434	92	1
1041	1435	1
1436	1437	1
734	1438	1
1439	479	1
1440	875	1
1441	1199	1
1442	806	1
221	1443	1
1444	241	1
1445	1038	1
1446	614	1
67	1447	1
1448	1449	1
1450	405	1
1451	194	1
1261	572	1
278	1452	1
334	784	1
1453	732	1
286	349	1
1454	119	1
1455	636	1
14	33	1
1041	1456	1
33	1457	1
1458	1459	1
835	1460	1
568	310	1
10	841	1
193	309	1
1461	59	1
702	1462	1
1255	1463	1
835	1464	1
270	410	1
636	1465	1
357	113	1
749	1466	1
1467	174	1
1379	101	1
194	103	1
1468	202	1
554	1469	1
779	856	1
1470	286	1
183	248	1
10	1471	1
626	286	1
69	202	1
1472	1473	1
355	1474	1
356	113	1
1475	1105	1
109	586	1
245	363	1
50	108	1
1476	81	1
1477	779	1
1026	1422	1
259	1478	1
636	1479	1
1480	1106	1
568	1379	1
1481	636	1
227	1482	1
284	237	1
406	839	1
1483	1484	1
1485	393	1
582	300	1
603	1486	1
1487	1115	1
642	1488	1
1047	1488	1
102	27	1
1489	1490	1
87	1491	1
206	50	1
1492	50	1
247	1493	1
255	261	1
1494	728	1
1443	220	1
50	285	1
409	1495	1
1496	1497	1
1266	89	1
1001	947	1
1498	603	1
1281	139	1
481	208	1
1499	1470	1
757	573	1
852	638	1
78	601	1
594	312	1
690	1384	1
603	1500	1
33	1501	1
1502	1503	1
1036	1504	1
1505	217	1
78	1506	1
57	504	1
926	159	1
168	109	1
1507	441	1
940	807	1
1508	15	1
1509	1510	1
1334	157	1
328	79	1
178	68	1
572	1511	1
1512	401	1
1299	102	1
298	1513	1
511	1427	1
1057	139	1
845	1514	1
1515	1516	1
473	829	1
1400	402	1
945	1517	1
1258	806	1
1518	394	1
350	624	1
1494	1093	1
137	622	1
43	366	1
75	908	1
10	193	1
540	151	1
627	545	1
492	409	1
1500	224	1
1075	1519	1
1453	233	1
489	1263	1
376	1520	1
158	1521	1
409	1522	1
498	699	1
208	1523	1
1524	813	1
87	926	1
347	25	1
10	161	1
68	168	1
1525	1526	1
1044	780	1
4	1500	1
535	1527	1
50	1257	1
1528	79	1
1529	1350	1
248	1530	1
641	42	1
1531	1532	1
1533	1534	1
718	1134	1
1535	366	1
255	316	1
1536	408	1
167	1537	1
1538	128	1
1539	366	1
1112	1540	1
1541	1542	1
998	312	1
1543	1544	1
1309	568	1
1545	60	1
1546	1166	1
312	638	1
1219	242	1
1547	1548	1
411	109	1
1484	1549	1
1295	809	1
10	1009	1
278	1453	1
767	1550	1
508	200	1
1166	1551	1
55	280	1
1552	90	1
1148	1459	1
702	895	1
327	286	1
113	50	1
1553	882	1
273	1148	1
1154	43	1
1554	746	1
486	1555	1
158	155	1
891	1556	1
813	572	1
481	1557	1
1558	172	1
1556	67	1
496	255	1
1559	680	1
381	4	1
1539	367	1
1560	1068	1
250	1561	1
1562	1563	1
1564	1565	1
108	1566	1
457	1567	1
746	139	1
1568	682	1
1078	139	1
123	1569	1
1570	1187	1
741	1116	1
1571	1572	1
1573	33	1
1204	910	1
849	329	1
278	1574	1
1575	1492	1
1576	1577	1
945	1578	1
1579	1571	1
1286	805	1
152	1181	1
458	1580	1
1458	947	1
1581	668	1
293	1120	1
821	1341	1
843	806	1
629	967	1
1582	1583	1
1584	1585	1
1586	1411	1
708	1266	1
963	1587	1
730	1234	1
564	1331	1
734	357	1
1588	987	1
1589	1590	1
228	1591	1
1592	947	1
764	255	1
508	1593	1
676	1265	1
158	537	1
1228	1594	1
1595	1596	1
395	255	1
605	406	1
1597	270	1
848	300	1
1187	718	1
505	348	1
164	75	1
1598	1599	1
1422	156	1
61	354	1
1600	1535	1
481	1047	1
1601	1602	1
1543	1244	1
940	348	1
90	1603	1
1604	172	1
413	1319	1
1605	570	1
10	246	1
1606	758	1
1607	636	1
298	1608	1
1609	298	1
1419	1187	1
1041	830	1
1206	531	1
114	101	1
1610	101	1
57	839	1
139	1611	1
144	1166	1
508	32	1
330	184	1
4	1236	1
1217	310	1
1612	1372	1
441	1613	1
224	1614	1
1615	1616	1
868	300	1
224	382	1
655	568	1
1617	372	1
1618	134	1
945	1409	1
117	144	1
341	842	1
1619	1620	1
1621	1622	1
1235	235	1
395	57	1
1460	636	1
841	1422	1
1623	10	1
1624	321	1
393	453	1
1625	50	1
1626	1627	1
55	1628	1
567	537	1
1618	133	1
907	6	1
684	1581	1
763	11	1
1074	194	1
1629	346	1
1630	1631	1
483	1033	1
1632	739	1
298	1633	1
1634	1635	1
1606	1636	1
108	168	1
863	188	1
1637	1638	1
75	470	1
1639	68	1
1640	148	1
158	880	1
843	641	1
34	1641	1
14	1591	1
993	1117	1
594	1217	1
115	1383	1
1642	863	1
222	4	1
602	1294	1
658	1643	1
780	270	1
567	481	1
1644	1645	1
586	928	1
875	298	1
1646	1647	1
222	384	1
908	1648	1
1649	245	1
1650	1651	1
638	1571	1
916	408	1
1154	1652	1
1653	460	1
508	871	1
1598	270	1
1642	1654	1
33	1655	1
1656	1657	1
1573	1658	1
1659	434	1
1660	498	1
531	48	1
471	606	1
405	1661	1
708	443	1
418	374	1
998	79	1
1662	245	1
1277	1663	1
19	1664	1
995	1665	1
739	1666	1
287	101	1
1569	377	1
841	25	1
309	1667	1
763	411	1
875	1337	1
298	1668	1
151	380	1
1113	132	1
642	1669	1
854	155	1
967	875	1
683	570	1
1477	1073	1
1574	572	1
1155	363	1
1670	139	1
170	108	1
1671	261	1
1087	1672	1
1337	1673	1
614	1551	1
1674	61	1
1233	527	1
372	884	1
6	226	1
61	1675	1
654	56	1
627	191	1
1243	1676	1
953	44	1
1677	733	1
1292	1678	1
619	1023	1
557	108	1
1679	79	1
1680	1517	1
108	1681	1
697	243	1
1682	585	1
1683	108	1
1684	194	1
470	109	1
61	1217	1
1685	33	1
1079	288	1
728	116	1
710	288	1
1078	1269	1
271	1686	1
1155	1179	1
685	1266	1
1687	487	1
6	832	1
1533	714	1
1688	1689	1
1690	1691	1
1377	1504	1
1564	1692	1
35	1641	1
278	1120	1
1693	1694	1
44	1695	1
100	1696	1
882	1697	1
366	1673	1
1183	1527	1
1698	112	1
1699	261	1
33	1700	1
88	672	1
1701	68	1
1634	1628	1
1702	1000	1
1121	1703	1
500	237	1
1704	1705	1
862	295	1
287	248	1
1706	68	1
1660	424	1
1142	423	1
591	1707	1
351	3	1
1708	270	1
375	80	1
739	1709	1
445	151	1
809	1710	1
1401	402	1
715	790	1
1711	294	1
298	296	1
1712	1713	1
874	366	1
20	498	1
367	483	1
1714	812	1
1715	1625	1
1123	728	1
1716	285	1
310	79	1
233	190	1
551	22	1
937	288	1
1717	151	1
1718	1719	1
1720	1721	1
1722	1723	1
813	1724	1
416	1021	1
568	998	1
347	50	1
1291	355	1
156	109	1
908	109	1
1580	1725	1
1726	109	1
1008	636	1
508	196	1
1727	10	1
479	1728	1
942	908	1
1129	139	1
79	862	1
1729	1711	1
684	235	1
1730	644	1
1731	1353	1
365	1719	1
347	776	1
638	1328	1
1131	270	1
562	1732	1
1733	1734	1
219	158	1
1735	1736	1
193	151	1
1022	229	1
378	366	1
261	1737	1
1738	510	1
500	1739	1
710	184	1
33	1740	1
12	478	1
971	636	1
1048	3	1
1741	1742	1
344	139	1
229	1743	1
123	229	1
1744	1713	1
840	1745	1
584	1736	1
1746	645	1
736	531	1
570	732	1
1747	288	1
1748	1749	1
1440	68	1
31	733	1
10	1594	1
1750	387	1
1571	920	1
272	1308	1
916	1332	1
100	90	1
1751	1558	1
1097	1752	1
1753	1162	1
1073	1478	1
539	1754	1
1755	128	1
1756	874	1
725	640	1
839	1757	1
1564	707	1
835	1758	1
843	287	1
108	366	1
1741	1759	1
1577	10	1
1315	64	1
223	312	1
245	1319	1
108	178	1
862	1760	1
14	215	1
691	270	1
989	248	1
1761	1597	1
183	491	1
1735	584	1
1762	108	1
1763	661	1
241	1764	1
1765	1766	1
1046	1767	1
509	859	1
406	261	1
168	1337	1
1768	599	1
298	500	1
414	457	1
409	717	1
108	1769	1
284	109	1
591	894	1
576	1187	1
1770	737	1
1771	763	1
1772	1773	1
248	1528	1
231	1774	1
611	1656	1
33	1488	1
491	1775	1
481	594	1
1776	806	1
3	151	1
904	79	1
334	711	1
145	1777	1
1458	1703	1
1778	1779	1
482	1033	1
552	496	1
1780	212	1
1781	829	1
1589	1782	1
547	1783	1
831	1784	1
1423	316	1
1139	55	1
634	48	1
1785	61	1
14	884	1
571	1500	1
1786	1787	1
335	14	1
1788	1789	1
1273	227	1
1790	1791	1
779	722	1
1637	884	1
1327	237	1
1792	675	1
1576	1601	1
1793	229	1
789	242	1
1794	233	1
841	1019	1
910	108	1
33	1795	1
1022	692	1
931	68	1
1796	1797	1
156	68	1
1798	157	1
1772	180	1
1122	401	1
548	346	1
1799	4	1
183	90	1
5	715	1
68	1022	1
1116	1800	1
564	629	1
234	50	1
194	858	1
128	10	1
1801	855	1
1016	1802	1
1803	884	1
60	560	1
446	1198	1
571	595	1
615	1804	1
411	1648	1
1805	1187	1
1806	237	1
1807	1808	1
1196	276	1
534	1627	1
10	1492	1
1154	1113	1
22	294	1
1324	232	1
1809	905	1
68	198	1
733	1810	1
153	151	1
33	1811	1
1083	789	1
712	1812	1
1813	1766	1
105	1814	1
1225	261	1
1560	25	1
1815	168	1
967	144	1
789	710	1
863	1308	1
1381	648	1
451	340	1
1404	316	1
1816	140	1
1817	1575	1
203	700	1
1818	1785	1
1819	753	1
1820	1821	1
289	187	1
763	276	1
1822	639	1
44	1823	1
944	180	1
1824	366	1
127	1577	1
849	139	1
90	1825	1
101	19	1
1341	245	1
672	166	1
1656	1671	1
1547	78	1
138	103	1
347	1826	1
620	245	1
1592	594	1
1827	454	1
1159	42	1
414	558	1
562	261	1
100	1633	1
710	703	1
1557	94	1
1828	1233	1
158	1829	1
1830	1831	1
723	1832	1
24	1128	1
10	75	1
1833	109	1
1834	1835	1
1836	1837	1
888	102	1
554	409	1
1522	1838	1
415	194	1
61	1839	1
1840	895	1
924	68	1
658	1841	1
288	841	1
1842	1843	1
94	1745	1
1844	1084	1
92	156	1
1045	1845	1
620	505	1
582	143	1
1076	68	1
10	1330	1
376	1234	1
1846	850	1
1295	923	1
1847	139	1
767	1848	1
982	992	1
184	1849	1
1850	1851	1
500	79	1
1364	1775	1
763	151	1
406	366	1
1852	682	1
242	406	1
1853	1854	1
368	1855	1
670	1269	1
1856	1139	1
1560	1857	1
411	901	1
425	498	1
1858	285	1
1833	891	1
224	398	1
25	326	1
67	107	1
1349	1859	1
94	128	1
1860	294	1
294	108	1
813	559	1
991	183	1
298	904	1
1277	1861	1
1602	763	1
477	613	1
1862	459	1
1863	875	1
1864	233	1
424	498	1
612	938	1
974	426	1
677	1331	1
320	1865	1
1365	261	1
199	68	1
109	798	1
31	151	1
1211	1528	1
116	1093	1
489	1866	1
51	32	1
1119	79	1
1312	1867	1
1188	1023	1
1868	380	1
1869	1870	1
1151	1682	1
90	1097	1
10	1871	1
1872	1873	1
61	1874	1
1455	48	1
341	435	1
377	298	1
1875	128	1
16	1876	1
5	730	1
108	920	1
330	1231	1
57	1649	1
1877	718	1
535	1627	1
1878	1879	1
1880	79	1
996	1848	1
1881	1882	1
888	527	1
108	120	1
556	293	1
1128	25	1
1883	355	1
234	531	1
1492	108	1
1884	1581	1
655	79	1
10	153	1
1189	1033	1
233	112	1
1675	42	1
611	1885	1
644	101	1
1886	408	1
978	224	1
101	158	1
407	79	1
108	1767	1
669	79	1
483	1189	1
710	242	1
100	1887	1
1888	115	1
675	393	1
292	606	1
1007	426	1
128	563	1
831	1889	1
1584	1890	1
1891	701	1
673	599	1
396	1892	1
577	223	1
1893	999	1
108	842	1
33	1894	1
187	1308	1
827	1181	1
942	1895	1
37	66	1
563	100	1
617	338	1
174	782	1
108	1308	1
219	112	1
1269	532	1
568	580	1
194	1896	1
1328	690	1
1627	1897	1
197	629	1
681	74	1
665	1002	1
1537	1898	1
33	1899	1
1900	636	1
581	300	1
380	1901	1
1329	1308	1
1902	1903	1
1904	1876	1
347	1905	1
968	994	1
203	484	1
458	742	1
220	711	1
1906	1440	1
61	100	1
788	1269	1
75	1907	1
94	168	1
1908	79	1
1909	1560	1
103	27	1
1910	661	1
5	1719	1
1190	599	1
1911	71	1
757	1405	1
1912	1913	1
1914	602	1
1332	1882	1
739	29	1
239	348	1
1145	283	1
1554	1140	1
1230	1915	1
671	250	1
1916	255	1
108	157	1
541	312	1
1917	1835	1
1164	1692	1
1649	101	1
1918	285	1
1919	1920	1
1500	834	1
1626	1921	1
157	109	1
1922	233	1
100	1923	1
1924	151	1
108	470	1
1597	68	1
37	13	1
1925	1770	1
711	784	1
862	1926	1
1927	514	1
1928	166	1
1875	10	1
1929	68	1
1930	1931	1
29	737	1
1124	115	1
747	64	1
1206	1071	1
1075	1697	1
114	1932	1
1001	1933	1
396	848	1
1280	568	1
1547	1934	1
505	755	1
248	139	1
1478	1143	1
1721	1071	1
1935	406	1
620	993	1
1174	1936	1
1219	1269	1
100	481	1
40	357	1
789	1269	1
19	269	1
1425	10	1
1692	1937	1
1938	139	1
1363	1939	1
1081	585	1
1079	789	1
1359	841	1
1154	731	1
340	634	1
235	245	1
1838	1277	1
571	714	1
1940	1511	1
501	1941	1
549	712	1
572	1671	1
605	183	1
1942	183	1
1824	1935	1
33	196	1
1943	1944	1
179	1696	1
1047	255	1
835	1945	1
298	1022	1
1946	1947	1
1948	1949	1
1001	1950	1
1342	357	1
1251	1951	1
108	1952	1
1079	1171	1
642	1611	1
835	1953	1
237	562	1
1838	682	1
448	349	1
4	365	1
1954	1955	1
649	1441	1
718	1956	1
1957	151	1
1769	285	1
481	764	1
1958	139	1
255	1530	1
625	1682	1
557	1200	1
347	1959	1
1005	174	1
541	1071	1
1081	1682	1
5	576	1
1684	1463	1
1183	1960	1
128	11	1
347	1961	1
481	500	1
1177	1962	1
1570	139	1
914	510	1
1112	426	1
352	1282	1
1075	1963	1
33	1318	1
1964	418	1
347	1965	1
272	418	1
25	217	1
94	10	1
947	340	1
440	763	1
1334	570	1
1966	1338	1
347	89	1
934	964	1
1680	1715	1
1227	636	1
1069	1967	1
592	354	1
815	336	1
1154	1968	1
27	1699	1
718	644	1
1553	108	1
1528	101	1
1969	779	1
683	1754	1
1970	1112	1
1069	764	1
1971	657	1
91	424	1
1972	1973	1
1974	601	1
1112	159	1
1975	1976	1
187	419	1
102	764	1
1741	1977	1
366	875	1
363	932	1
1053	602	1
362	1978	1
474	1308	1
43	1061	1
1979	245	1
1546	606	1
1181	90	1
372	1980	1
547	1981	1
1598	1556	1
1217	23	1
666	1920	1
1060	109	1
309	415	1
57	1080	1
862	1982	1
395	309	1
755	31	1
1888	473	1
337	1701	1
1983	1152	1
110	806	1
347	527	1
1984	1535	1
1985	255	1
888	1986	1
521	712	1
1677	668	1
1070	1721	1
1987	890	1
1032	327	1
294	114	1
293	1988	1
1989	630	1
33	726	1
1966	1339	1
1990	838	1
1671	1991	1
1992	346	1
680	1071	1
1993	195	1
1695	43	1
267	1168	1
932	1478	1
440	682	1
90	1994	1
1995	668	1
1996	50	1
158	1997	1
1998	109	1
1022	412	1
1999	570	1
222	1987	1
418	1767	1
1624	346	1
1635	55	1
2000	2001	1
1672	1012	1
1500	376	1
9	435	1
661	2002	1
414	567	1
148	330	1
2003	636	1
293	1782	1
577	1444	1
2004	2005	1
1857	33	1
567	194	1
1002	1920	1
25	429	1
39	2006	1
1213	50	1
372	937	1
505	509	1
1487	2007	1
1154	874	1
1118	947	1
2008	2009	1
2010	1369	1
2011	2012	1
102	138	1
1720	2013	1
2014	1569	1
1128	298	1
2015	262	1
711	624	1
1187	2016	1
2017	211	1
405	1764	1
2018	258	1
44	2019	1
393	429	1
1299	2020	1
2021	89	1
391	799	1
1453	1898	1
139	269	1
2022	1754	1
33	589	1
923	723	1
2023	1848	1
61	2024	1
1324	261	1
1465	139	1
1673	1383	1
845	1018	1
276	1547	1
75	1022	1
2025	1993	1
2026	2027	1
1144	2028	1
1663	1764	1
288	2029	1
363	241	1
1296	395	1
679	485	1
309	880	1
2030	139	1
61	2031	1
605	184	1
2032	184	1
2033	151	1
101	2034	1
2035	2036	1
2037	1648	1
421	419	1
1637	285	1
975	1245	1
489	2038	1
1335	101	1
12	37	1
875	2039	1
1635	779	1
987	895	1
1592	75	1
953	1148	1
110	151	1
55	1589	1
213	42	1
1797	50	1
176	2040	1
496	79	1
1088	531	1
1414	588	1
176	784	1
5	2041	1
1029	79	1
1411	2042	1
155	1958	1
2043	61	1
374	1315	1
628	632	1
1083	1269	1
2044	1638	1
1626	286	1
1093	2045	1
276	782	1
863	2046	1
2047	661	1
79	2048	1
811	2049	1
2050	108	1
2051	1524	1
292	629	1
742	2052	1
849	340	1
1455	194	1
1449	844	1
1810	25	1
128	50	1
2053	2054	1
1116	1291	1
288	184	1
1202	1709	1
2055	50	1
440	565	1
2056	1516	1
270	153	1
41	13	1
1601	1577	1
288	377	1
1648	50	1
4	1477	1
776	176	1
194	2057	1
589	294	1
605	1551	1
874	25	1
109	15	1
215	1506	1
1129	269	1
500	255	1
61	208	1
995	2058	1
1394	1648	1
228	2059	1
363	2060	1
109	2061	1
2062	237	1
1097	209	1
363	1084	1
10	1006	1
982	572	1
363	57	1
314	255	1
848	582	1
2063	1705	1
944	2064	1
25	1156	1
806	1597	1
636	2065	1
1698	309	1
2066	808	1
1285	805	1
1639	109	1
1026	657	1
527	267	1
2067	109	1
832	787	1
108	152	1
1022	1383	1
10	612	1
2068	1318	1
572	2069	1
811	206	1
1116	1964	1
90	498	1
286	2070	1
572	1163	1
1867	2071	1
1951	701	1
61	2072	1
1318	1634	1
2073	742	1
481	655	1
2074	2075	1
14	153	1
2076	340	1
849	1361	1
2077	2078	1
2079	2080	1
398	61	1
150	1206	1
2081	509	1
2082	676	1
243	560	1
414	337	1
944	139	1
2083	893	1
354	2084	1
1078	269	1
674	429	1
625	1614	1
1582	79	1
1522	147	1
2081	1848	1
1350	496	1
987	847	1
10	160	1
463	383	1
2085	90	1
60	2086	1
484	69	1
1708	291	1
2032	183	1
591	1558	1
86	687	1
183	79	1
1542	185	1
222	139	1
285	2087	1
2088	1106	1
2089	561	1
2090	139	1
1087	363	1
638	4	1
59	406	1
500	42	1
44	2091	1
518	1488	1
2092	1213	1
330	472	1
1070	1873	1
369	841	1
194	580	1
114	158	1
1375	546	1
2093	2094	1
763	270	1
109	1127	1
2095	1835	1
564	1551	1
2096	1634	1
2097	380	1
2098	1377	1
33	2099	1
1148	481	1
1369	2100	1
2101	68	1
235	380	1
4	2102	1
101	132	1
642	1416	1
2103	391	1
2104	1941	1
100	1653	1
139	2105	1
2106	2107	1
884	1972	1
256	763	1
1685	1733	1
2108	48	1
2109	2110	1
919	139	1
383	225	1
2111	288	1
2112	639	1
2113	2114	1
156	1060	1
591	2115	1
109	330	1
1755	1132	1
196	1614	1
862	2116	1
1556	732	1
2117	995	1
1233	324	1
1123	829	1
754	2118	1
108	161	1
776	2119	1
78	1099	1
1419	636	1
689	297	1
608	2120	1
841	1152	1
500	599	1
4	943	1
1132	809	1
2121	496	1
19	1413	1
1886	2122	1
536	381	1
2123	1496	1
92	215	1
2117	2124	1
619	1188	1
1776	1354	1
2125	1829	1
2032	406	1
1330	1181	1
571	5	1
2126	81	1
1454	2127	1
1577	308	1
1078	788	1
1977	1742	1
2128	1560	1
1675	603	1
1343	434	1
10	517	1
10	2129	1
1148	568	1
2130	2131	1
688	248	1
1335	42	1
1078	470	1
849	1369	1
1277	223	1
829	116	1
1561	1069	1
956	450	1
1143	2132	1
649	562	1
434	2133	1
411	48	1
1083	470	1
2134	172	1
43	1668	1
1281	1754	1
41	791	1
811	2135	1
939	938	1
68	855	1
875	285	1
103	1921	1
473	206	1
1888	2136	1
10	842	1
92	924	1
349	624	1
2137	139	1
683	280	1
2138	80	1
1737	285	1
1477	1478	1
2139	139	1
582	868	1
1515	1029	1
2140	245	1
987	261	1
509	1944	1
2141	636	1
43	724	1
987	673	1
2142	1589	1
2143	2016	1
1855	782	1
100	2144	1
113	884	1
697	559	1
2145	1993	1
6	2146	1
634	151	1
661	610	1
2147	2148	1
245	435	1
1321	531	1
100	1168	1
365	229	1
1319	1433	1
33	2149	1
11	1522	1
29	1177	1
2023	405	1
177	2150	1
326	2151	1
285	299	1
296	178	1
2152	33	1
207	57	1
724	168	1
10	368	1
43	1022	1
2153	976	1
2154	29	1
1396	139	1
2110	2155	1
1022	170	1
1829	2156	1
108	2157	1
2158	109	1
414	1760	1
128	212	1
2159	1937	1
527	2160	1
87	337	1
278	2161	1
2162	2163	1
2164	114	1
863	419	1
272	978	1
2165	742	1
763	380	1
2166	2167	1
1295	2168	1
2169	1944	1
775	2119	1
270	380	1
411	168	1
109	1798	1
1750	1252	1
363	166	1
1184	1049	1
236	248	1
666	2170	1
1078	288	1
316	1032	1
2007	89	1
1739	457	1
100	568	1
1481	2171	1
715	714	1
841	168	1
853	366	1
526	2172	1
425	89	1
157	50	1
567	209	1
94	187	1
1519	1107	1
2173	1128	1
2174	2175	1
294	2176	1
2177	2178	1
508	870	1
2179	81	1
2180	2181	1
109	2182	1
340	844	1
101	880	1
2018	895	1
357	25	1
33	2183	1
340	89	1
2184	1377	1
605	377	1
10	25	1
418	61	1
1608	50	1
1772	996	1
2119	188	1
1600	718	1
481	611	1
87	2185	1
859	50	1
377	406	1
806	206	1
368	2186	1
330	108	1
1871	2187	1
1733	2188	1
61	2189	1
1295	1710	1
2148	1128	1
597	544	1
246	2190	1
415	312	1
1823	1993	1
139	2191	1
322	545	1
862	1667	1
2192	498	1
100	79	1
29	2193	1
2194	423	1
945	1810	1
2195	2196	1
1372	2197	1
19	249	1
79	2198	1
1139	2155	1
328	42	1
2199	2200	1
1737	108	1
1756	1944	1
1279	1317	1
1066	68	1
48	196	1
316	725	1
2201	261	1
10	1074	1
1078	710	1
2202	1770	1
259	779	1
33	2203	1
1507	286	1
1276	1081	1
128	4	1
1243	1920	1
2204	1411	1
197	472	1
95	569	1
2205	183	1
2206	245	1
1375	91	1
78	170	1
414	100	1
839	1473	1
355	1104	1
1935	366	1
79	2034	1
88	2207	1
100	19	1
2208	209	1
183	101	1
395	2209	1
1764	101	1
2210	1362	1
330	1648	1
1683	841	1
210	2211	1
1956	1319	1
330	629	1
577	2212	1
407	603	1
789	184	1
1915	261	1
2187	843	1
2213	221	1
715	292	1
272	863	1
347	361	1
1389	841	1
38	408	1
475	2214	1
894	847	1
779	1634	1
834	1490	1
732	1965	1
580	79	1
719	611	1
276	81	1
1081	5	1
309	764	1
65	12	1
1643	681	1
449	1048	1
2215	1156	1
144	131	1
348	1408	1
1292	139	1
463	398	1
580	312	1
243	60	1
1634	381	1
638	1004	1
1589	298	1
806	2216	1
2217	1206	1
229	308	1
81	862	1
1212	2218	1
629	168	1
661	550	1
2156	206	1
849	2219	1
1048	231	1
1280	42	1
120	1330	1
87	556	1
6	1833	1
707	1120	1
2053	1259	1
2039	1171	1
1285	1342	1
2220	1589	1
994	366	1
233	408	1
902	172	1
109	50	1
631	843	1
90	641	1
424	546	1
2221	48	1
278	207	1
229	68	1
602	2222	1
29	1625	1
2223	1311	1
2224	512	1
479	954	1
552	1844	1
2225	2226	1
129	646	1
278	309	1
2227	2228	1
33	1772	1
684	348	1
387	2229	1
19	184	1
337	312	1
2230	140	1
882	168	1
629	606	1
158	2231	1
374	2232	1
670	184	1
622	606	1
298	842	1
1078	242	1
1450	1116	1
1362	733	1
366	1942	1
10	2040	1
1290	130	1
1089	645	1
947	531	1
1133	139	1
1608	48	1
1776	948	1
776	636	1
204	2233	1
233	763	1
2234	245	1
98	2235	1
334	624	1
355	30	1
2236	2132	1
2237	1549	1
496	406	1
108	1824	1
2238	166	1
2239	1280	1
347	43	1
337	79	1
2240	1078	1
2241	237	1
1981	675	1
1459	50	1
2242	843	1
2243	1046	1
2244	742	1
98	2245	1
309	1651	1
1837	109	1
690	812	1
2246	1081	1
43	201	1
2247	498	1
803	418	1
683	1	1
1676	1002	1
341	188	1
1028	254	1
172	2248	1
1119	61	1
2249	2071	1
908	269	1
43	298	1
2250	296	1
40	380	1
2251	1112	1
932	1883	1
2252	172	1
326	2011	1
1660	425	1
2253	286	1
363	733	1
1458	1950	1
926	1128	1
599	10	1
111	172	1
859	2254	1
505	89	1
313	779	1
554	1477	1
1511	2255	1
1760	112	1
1093	1124	1
843	567	1
1030	10	1
1576	127	1
298	2256	1
2257	108	1
1508	1249	1
278	79	1
2258	1317	1
113	25	1
2259	502	1
41	37	1
486	1686	1
11	409	1
448	2260	1
238	348	1
214	418	1
1883	733	1
84	204	1
1073	779	1
1078	184	1
2261	2262	1
272	419	1
12	66	1
2061	496	1
377	874	1
6	1988	1
176	333	1
2263	158	1
1634	55	1
233	113	1
1409	1081	1
2264	1487	1
1097	1691	1
128	276	1
153	682	1
2089	848	1
408	1766	1
1498	418	1
297	392	1
1045	1767	1
2265	408	1
513	1490	1
538	457	1
25	2266	1
1211	362	1
2267	2268	1
1774	536	1
94	983	1
2269	978	1
591	1937	1
10	2270	1
513	1517	1
22	753	1
2006	132	1
2106	2271	1
1001	1430	1
1183	2272	1
612	1140	1
2020	81	1
43	875	1
286	1365	1
1241	1390	1
2273	841	1
1566	372	1
419	168	1
1547	101	1
1181	79	1
1930	2274	1
2275	172	1
157	841	1
1196	267	1
1160	2276	1
2277	1011	1
109	292	1
242	788	1
373	348	1
294	862	1
628	303	1
2278	2279	1
90	2280	1
458	25	1
50	841	1
1494	1124	1
662	328	1
113	285	1
2281	2282	1
458	708	1
2283	486	1
874	406	1
377	366	1
2284	75	1
2285	2120	1
2286	179	1
963	2287	1
457	79	1
2288	139	1
763	691	1
1269	710	1
1211	183	1
250	1719	1
932	1143	1
2289	179	1
414	764	1
641	209	1
489	1266	1
2044	1754	1
408	977	1
1823	521	1
1859	10	1
638	1384	1
310	1577	1
2290	270	1
2291	215	1
1813	1223	1
562	1440	1
2292	2293	1
1964	92	1
2294	50	1
1419	1614	1
2218	153	1
33	2295	1
2296	855	1
1154	488	1
2297	2298	1
2299	733	1
843	500	1
1190	806	1
1198	153	1
1075	418	1
202	848	1
123	522	1
79	309	1
492	1299	1
635	2295	1
1602	691	1
565	869	1
2300	1737	1
1736	2301	1
892	32	1
2302	2303	1
475	2304	1
2305	2306	1
330	197	1
2307	2308	1
1053	1488	1
1481	139	1
390	2309	1
176	366	1
511	1769	1
405	153	1
2310	141	1
1011	2311	1
590	1231	1
1822	109	1
1412	536	1
994	842	1
2312	1721	1
1454	120	1
1277	1953	1
6	1560	1
2313	1754	1
2314	742	1
642	919	1
2315	1773	1
1912	1254	1
2316	2317	1
1254	681	1
2318	340	1
862	96	1
2319	139	1
1724	1239	1
1346	1673	1
1240	2320	1
2239	237	1
2321	283	1
1733	722	1
2322	855	1
25	109	1
595	152	1
178	261	1
184	401	1
2323	2324	1
1074	255	1
56	50	1
557	1953	1
1597	109	1
1034	228	1
118	965	1
2325	2326	1
242	183	1
140	1459	1
2327	267	1
1078	1083	1
2328	1106	1
61	219	1
1404	1115	1
1805	1065	1
33	1931	1
947	844	1
1660	91	1
1218	1490	1
500	312	1
2329	2132	1
729	116	1
2330	109	1
853	710	1
551	449	1
1469	1708	1
1154	489	1
1492	380	1
177	1733	1
475	2331	1
1803	94	1
1982	209	1
560	1821	1
298	2332	1
739	2333	1
2130	1647	1
987	10	1
2334	33	1
617	787	1
183	312	1
1793	64	1
711	176	1
2335	2336	1
2337	557	1
972	1151	1
2338	470	1
146	568	1
691	408	1
2339	2340	1
2341	2342	1
1821	70	1
2343	642	1
2093	59	1
487	2344	1
393	681	1
2345	429	1
835	2346	1
2189	1361	1
278	1268	1
50	307	1
316	1697	1
15	128	1
2347	140	1
2348	205	1
1216	436	1
146	79	1
82	730	1
1855	153	1
1198	270	1
2349	2350	1
73	1643	1
856	2351	1
5	376	1
873	283	1
63	684	1
2352	2353	1
75	2354	1
1274	14	1
438	1876	1
310	127	1
500	90	1
50	2355	1
1123	115	1
145	2356	1
2357	2358	1
1663	1012	1
763	408	1
1537	151	1
57	2359	1
90	236	1
2360	245	1
2361	366	1
348	191	1
615	2362	1
1535	298	1
2096	321	1
1675	79	1
1871	599	1
1284	50	1
1404	1116	1
2004	668	1
2363	585	1
491	380	1
1477	259	1
1119	312	1
2364	470	1
172	2365	1
111	984	1
61	2366	1
48	1192	1
2351	1028	1
176	2367	1
2368	441	1
366	842	1
2166	2369	1
564	606	1
89	166	1
139	2370	1
1163	1381	1
1001	89	1
1522	40	1
1353	2371	1
33	2372	1
527	1627	1
1692	1163	1
158	2373	1
2374	895	1
559	2375	1
603	2376	1
254	1755	1
2377	2378	1
98	2379	1
2023	835	1
1243	665	1
1760	158	1
2380	2381	1
409	366	1
1914	841	1
1128	417	1
2382	139	1
724	1440	1
1017	511	1
562	839	1
1692	1381	1
2383	2384	1
65	37	1
194	27	1
1524	194	1
2038	368	1
412	248	1
227	5	1
2385	692	1
2386	1945	1
1873	1783	1
642	179	1
788	1440	1
2049	2190	1
2199	2387	1
148	2384	1
763	68	1
2388	380	1
835	2389	1
109	55	1
2390	2118	1
248	644	1
2391	1739	1
902	2232	1
24	156	1
24	109	1
2392	1648	1
41	65	1
567	312	1
1593	2025	1
2393	636	1
2394	1808	1
2395	75	1
567	90	1
1443	1012	1
95	2396	1
100	2318	1
1517	2397	1
5	1187	1
708	1589	1
479	2398	1
2003	470	1
2202	1925	1
1645	2164	1
457	2347	1
33	1307	1
1796	682	1
888	194	1
538	5	1
508	2399	1
2009	1213	1
2400	1090	1
140	309	1
2401	309	1
1202	696	1
321	1629	1
407	255	1
2402	233	1
90	1720	1
2403	1075	1
160	149	1
256	261	1
967	614	1
2404	109	1
1781	1848	1
5	1479	1
629	472	1
2405	293	1
2406	531	1
241	158	1
1016	1292	1
265	56	1
1181	312	1
273	1171	1
557	1391	1
120	285	1
366	470	1
2407	2253	1
2408	368	1
863	2409	1
1189	366	1
2410	1001	1
618	124	1
298	2411	1
763	215	1
429	32	1
620	1956	1
2250	109	1
278	101	1
2412	42	1
357	2413	1
1683	1665	1
633	624	1
44	592	1
245	2414	1
1016	2415	1
1070	113	1
2416	48	1
1290	1215	1
108	2417	1
1919	1243	1
219	209	1
29	2418	1
137	109	1
874	183	1
888	103	1
549	521	1
192	572	1
153	2419	1
384	209	1
1772	2420	1
33	426	1
602	269	1
285	691	1
649	907	1
2421	634	1
1343	14	1
286	2422	1
133	5	1
2061	1844	1
2113	247	1
992	1336	1
1369	978	1
2423	114	1
505	150	1
5	139	1
788	288	1
1	2424	1
2281	470	1
1048	283	1
275	348	1
1124	2045	1
734	2425	1
642	2426	1
2427	1764	1
1592	1236	1
26	1648	1
48	294	1
735	379	1
112	1982	1
2037	109	1
98	1728	1
355	2368	1
100	209	1
414	500	1
101	309	1
673	329	1
2028	2428	1
1900	139	1
414	384	1
841	2187	1
48	1457	1
2345	572	1
2429	1944	1
412	50	1
1708	2430	1
809	1133	1
824	639	1
1533	5	1
25	1277	1
2431	132	1
2432	992	1
638	690	1
757	1636	1
2433	2289	1
355	166	1
2130	68	1
1147	417	1
61	978	1
683	1773	1
2434	139	1
296	2067	1
2400	191	1
43	874	1
321	1992	1
1426	583	1
1053	767	1
2435	1665	1
2436	139	1
2364	184	1
1764	1473	1
582	403	1
1875	2421	1
2437	2438	1
139	718	1
2439	172	1
714	376	1
1029	312	1
105	1343	1
2440	172	1
698	559	1
1168	261	1
1876	2441	1
2442	151	1
708	2443	1
87	2444	1
418	140	1
2445	2446	1
7	2150	1
1194	730	1
139	2447	1
2448	2096	1
1084	611	1
813	2237	1
75	1625	1
1321	2063	1
2449	170	1
2450	843	1
236	194	1
41	12	1
421	188	1
1907	1625	1
1737	109	1
1810	2025	1
33	4	1
1350	964	1
102	527	1
2451	1754	1
1127	2452	1
505	1319	1
87	293	1
1607	1227	1
82	155	1
215	470	1
2453	261	1
43	1440	1
730	139	1
2	2454	1
1522	270	1
445	380	1
1097	312	1
2455	606	1
1935	842	1
1074	42	1
2456	235	1
308	291	1
286	1138	1
250	978	1
2457	1068	1
365	767	1
2190	1790	1
1111	531	1
2374	847	1
838	634	1
68	108	1
496	248	1
1675	101	1
81	194	1
267	191	1
1828	636	1
384	194	1
290	562	1
2458	139	1
87	2040	1
2459	357	1
162	932	1
658	1140	1
409	270	1
1148	79	1
194	1889	1
1932	147	1
275	412	1
475	2460	1
1156	2461	1
274	572	1
824	10	1
2462	629	1
683	294	1
971	139	1
100	2463	1
959	80	1
2464	2465	1
1575	50	1
1610	194	1
993	684	1
100	1280	1
2466	568	1
1922	429	1
2467	722	1
1063	1249	1
2395	157	1
1459	2468	1
888	138	1
953	495	1
274	312	1
813	2469	1
33	2470	1
340	531	1
2287	964	1
1083	288	1
203	2471	1
1552	79	1
2053	1427	1
213	255	1
572	27	1
158	2472	1
1273	388	1
507	699	1
123	619	1
2473	884	1
298	2474	1
606	1551	1
567	79	1
2003	1647	1
714	730	1
1977	1341	1
267	568	1
697	113	1
61	1335	1
1145	699	1
2475	5	1
1673	2253	1
1309	1171	1
1148	90	1
226	787	1
2476	531	1
388	2449	1
1023	522	1
481	412	1
297	108	1
1843	661	1
1430	1308	1
1101	2477	1
2079	1185	1
530	32	1
724	366	1
1916	1259	1
2478	1843	1
414	661	1
1083	184	1
1846	2479	1
2398	1206	1
1190	363	1
2480	2336	1
559	243	1
2110	1139	1
918	705	1
196	1993	1
1812	966	1
1390	1770	1
640	327	1
1363	293	1
1657	139	1
698	560	1
2481	145	1
347	2180	1
90	1889	1
611	270	1
347	1165	1
1171	1140	1
642	365	1
1577	68	1
1871	1571	1
208	1168	1
1141	1399	1
481	580	1
2172	1958	1
537	638	1
932	298	1
305	622	1
62	101	1
61	764	1
2482	1112	1
55	849	1
379	444	1
2483	1964	1
634	2236	1
4	2484	1
2076	363	1
1441	595	1
2485	2486	1
294	112	1
33	2487	1
2488	155	1
1017	2489	1
1243	1002	1
893	1679	1
176	732	1
294	2490	1
2491	962	1
109	285	1
316	327	1
1159	52	1
2492	2493	1
255	2494	1
2495	779	1
2496	206	1
16	1709	1
2497	2498	1
2499	2500	1
414	776	1
1332	132	1
2501	1796	1
43	377	1
1468	708	1
526	1780	1
347	54	1
198	2502	0
1219	2503	0
2504	38	0
931	2505	0
724	2506	0
62	2507	0
2508	2509	0
1440	693	0
197	1009	0
2510	2511	0
601	2512	0
1546	2513	0
1593	136	0
2514	2515	0
741	1170	0
2516	2517	0
1927	840	0
2518	2519	0
2520	2521	0
1181	2522	0
1133	2523	0
2524	2525	0
2526	2282	0
229	2527	0
1978	2528	0
1863	2529	0
899	2530	0
2531	2532	0
1287	2282	0
994	2519	0
1004	2533	0
521	1999	0
2534	1871	0
2535	1871	0
2536	2537	0
2538	2539	0
2540	2541	0
2212	192	0
2542	2543	0
557	2544	0
2545	2546	0
44	1818	0
2547	2548	0
724	1270	0
670	2360	0
242	1251	0
1648	1505	0
198	2549	0
2330	2550	0
1262	2551	0
2552	1260	0
2553	136	0
67	2512	0
2554	519	0
2555	2556	0
2557	2117	0
2558	2559	0
67	2503	0
712	2560	0
2561	2562	0
67	2563	0
298	2522	0
2031	2564	0
2565	2372	0
1016	2566	0
2567	2568	0
1510	2569	0
1551	1924	0
2570	2528	0
178	2571	0
557	2572	0
899	2549	0
2573	2574	0
1035	2575	0
1824	2576	0
1811	1785	0
724	313	0
1551	2577	0
1837	2578	0
1551	113	0
2212	1871	0
2508	2533	0
690	2569	0
2127	2529	0
2508	1858	0
968	1260	0
2579	2515	0
2580	113	0
1133	2581	0
2582	2512	0
2583	2584	0
564	2568	0
789	2585	0
2553	2548	0
1546	436	0
249	2586	0
2536	326	0
1031	2564	0
2587	2568	0
343	2588	0
2455	412	0
2589	2590	0
2032	2591	0
242	2592	0
521	313	0
1346	2593	0
994	2515	0
874	2594	0
2552	57	0
292	2595	0
253	2596	0
624	2597	0
2598	233	0
298	2599	0
2101	2236	0
2600	2512	0
2103	2601	0
1811	2502	0
2602	551	0
2603	2604	0
2603	2171	0
1023	719	0
2605	1361	0
922	2606	0
406	1878	0
747	2607	0
198	941	0
922	2608	0
378	1260	0
85	2560	0
2609	2560	0
2610	2611	0
2520	2568	0
392	2566	0
178	2596	0
1109	218	0
2518	2612	0
2613	2614	0
2615	1228	0
1133	462	0
922	2124	0
945	569	0
2531	1857	0
197	2616	0
2617	2612	0
2618	2584	0
1714	822	0
2065	761	0
392	990	0
2619	2620	0
196	2621	0
2622	551	0
1208	2623	0
2504	2624	0
712	1688	0
2625	2367	0
472	2263	0
2535	921	0
2510	2626	0
2627	2628	0
2510	2537	0
1247	1999	0
2629	2187	0
2630	18	0
2554	2611	0
2631	2527	0
392	2528	0
1015	2523	0
2514	2632	0
366	2633	0
789	2549	0
2600	2624	0
2168	2124	0
1346	2586	0
809	2634	0
1328	2339	0
2635	2636	0
2600	572	0
2065	2601	0
1639	2124	0
391	551	0
2615	2637	0
952	2638	0
2508	1583	0
2639	2640	0
2641	2414	0
2561	2372	0
1109	2632	0
242	1011	0
2554	1515	0
366	1515	0
2540	2642	0
1219	2643	0
2644	2645	0
2627	2263	0
2127	2628	0
2346	2642	0
392	2300	0
242	761	0
777	2503	0
624	2469	0
2646	1858	0
392	551	0
789	2611	0
2269	2647	0
2648	2124	0
1551	2649	0
200	2650	0
2452	1653	0
2651	2652	0
2547	2529	0
2653	2654	0
2655	921	0
2656	2503	0
931	2591	0
1102	2532	0
199	1270	0
44	2581	0
2657	902	0
1935	2658	0
2557	38	0
298	2659	0
670	2511	0
1219	2502	0
745	2560	0
1546	569	0
2660	2469	0
2355	2659	0
1714	2522	0
2609	2533	0
2661	2503	0
2662	2663	0
2598	2414	0
2664	2665	0
2557	2666	0
842	2667	0
2668	2546	0
698	2076	0
2669	2119	0
1249	2670	0
2570	2581	0
1340	2546	0
2671	2543	0
1246	2502	0
2672	436	0
2646	2597	0
920	2591	0
2609	24	0
2510	2584	0
1032	2604	0
2673	129	0
149	2564	0
472	2628	0
2674	2584	0
2508	2675	0
1824	2329	0
2676	2677	0
1593	2678	0
2672	462	0
330	2541	0
923	2659	0
2212	2679	0
2680	2124	0
2552	2606	0
198	921	0
2504	2151	0
2681	1505	0
1683	2412	0
2644	2682	0
920	2000	0
945	2683	0
67	2475	0
391	2522	0
2653	2684	0
229	2685	0
2540	2686	0
2534	2687	0
2664	2624	0
2688	2637	0
1593	2544	0
149	2152	0
1802	2689	0
298	2532	0
2212	693	0
2671	2637	0
1287	361	0
2504	2683	0
874	1583	0
1877	2690	0
1346	2691	0
564	100	0
2692	2686	0
1083	2006	0
2619	2693	0
2538	2502	0
1016	2586	0
1706	2694	0
809	2695	0
1031	2539	0
624	761	0
2696	83	0
2697	2698	0
2397	840	0
2534	2699	0
2700	2701	0
2086	2412	0
1978	2588	0
670	2677	0
536	1818	0
197	2702	0
1935	2703	0
200	492	0
2538	2626	0
2671	1052	0
2536	2414	0
68	2076	0
1083	2704	0
2032	2659	0
1795	2698	0
2705	2706	0
2101	2076	0
2705	693	0
2554	2707	0
319	1516	0
2708	462	0
2709	2539	0
2031	2710	0
2355	2549	0
994	2711	0
920	2300	0
1836	2711	0
2031	2012	0
2567	2604	0
1836	2502	0
2655	2712	0
2536	2675	0
2557	2360	0
2031	2695	0
184	2713	0
197	1537	0
815	2546	0
747	2594	0
789	2614	0
2346	1915	0
242	113	0
301	2566	0
2270	2714	0
1016	2533	0
994	2549	0
2625	2575	0
200	2699	0
2589	1688	0
2715	2521	0
85	1999	0
2603	2611	0
109	569	0
2587	2645	0
366	1422	0
971	2585	0
923	2523	0
1935	572	0
723	2541	0
2314	2466	0
2452	2659	0
1863	2511	0
62	2716	0
2671	1516	0
532	136	0
1755	2502	0
2534	941	0
1715	2717	0
292	2699	0
1795	2548	0
1802	2585	0
2101	2654	0
249	2718	0
2613	1583	0
2269	2586	0
406	2719	0
920	436	0
1219	2720	0
1960	2721	0
253	192	0
2651	2687	0
1031	2549	0
1035	2722	0
2520	2523	0
1509	1818	0
318	1009	0
2580	2585	0
1551	2682	0
1935	2151	0
1211	2152	0
2526	2543	0
2641	2723	0
1328	1009	0
2603	2724	0
1551	1982	0
1927	2562	0
924	129	0
2617	2529	0
1079	2507	0
604	2601	0
2557	2699	0
606	2569	0
2681	2717	0
2688	2564	0
601	2725	0
2452	1878	0
1219	2726	0
314	2578	0
2609	2675	0
2727	2521	0
1823	218	0
1601	2728	0
1004	2729	0
2730	113	0
1440	2544	0
1683	1260	0
1346	2599	0
2672	2599	0
2731	1689	0
747	2601	0
1837	2612	0
562	2300	0
1446	493	0
2681	840	0
2587	412	0
1823	655	0
2619	2725	0
2598	412	0
343	2684	0
1181	2732	0
604	2475	0
2733	754	0
815	2339	0
301	1515	0
747	100	0
2625	1915	0
1446	2734	0
1654	2704	0
2656	2735	0
2127	869	0
2072	233	0
378	2546	0
2610	2624	0
2648	2616	0
2736	2502	0
2737	2738	0
1133	2739	0
2655	2604	0
1023	2740	0
2736	2741	0
2742	2469	0
1683	2710	0
1015	2743	0
196	2744	0
2602	83	0
1546	213	0
423	100	0
2573	2689	0
2127	2710	0
1015	213	0
2555	412	0
2745	2746	0
2692	2747	0
1983	1177	0
2508	2748	0
2749	455	0
2705	2522	0
319	2571	0
920	2152	0
2558	2719	0
2750	2634	0
1935	2530	0
157	2751	0
253	1378	0
2580	554	0
2534	2721	0
319	2752	0
1328	121	0
2753	2117	0
2619	2754	0
2755	2548	0
1714	2747	0
1553	693	0
1211	2300	0
1935	2637	0
2673	761	0
871	2171	0
243	1785	0
157	2503	0
314	2756	0
2534	2757	0
2758	2530	0
2639	2658	0
1102	840	0
2759	2640	0
472	2527	0
1936	2723	0
472	1212	0
2760	2746	0
2540	2761	0
2656	2744	0
2762	2654	0
1877	2686	0
366	2763	0
406	2690	0
68	2577	0
2452	2117	0
1132	1818	0
1654	2764	0
2579	2765	0
2212	2723	0
1109	2706	0
2708	2562	0
2526	2571	0
1755	313	0
2648	2530	0
2662	2766	0
2767	2687	0
2742	2506	0
378	761	0
842	2512	0
392	2572	0
899	436	0
2749	326	0
137	2642	0
343	2360	0
899	2621	0
2103	1537	0
423	2152	0
2742	2725	0
2661	693	0
292	2596	0
2730	2686	0
692	2768	0
2627	2741	0
2745	2503	0
2655	2632	0
1824	2634	0
2727	412	0
391	1260	0
198	326	0
871	1999	0
1936	2769	0
2672	2764	0
1033	2770	0
2771	1516	0
1683	2590	0
2619	2770	0
2627	2537	0
2618	569	0
1929	761	0
44	2076	0
942	2764	0
557	2592	0
1593	1052	0
2772	129	0
2762	2773	0
690	2766	0
2680	2774	0
1715	840	0
2269	2076	0
2772	2738	0
2730	2679	0
2627	2515	0
2775	1515	0
536	2563	0
2553	455	0
1795	693	0
1404	2466	0
2674	1688	0
1246	2634	0
1769	176	0
2065	2544	0
564	1890	0
2776	1378	0
2031	1924	0
2603	2777	0
2753	2527	0
2547	218	0
698	2586	0
391	2633	0
2582	493	0
2330	313	0
2032	2329	0
1083	2616	0
690	2591	0
2778	500	0
2455	2721	0
2648	2511	0
2779	38	0
2672	2780	0
2700	2533	0
2736	121	0
2660	2511	0
2709	2686	0
1446	1878	0
2692	326	0
1984	2773	0
1219	2781	0
1346	1857	0
292	2634	0
1593	2475	0
2671	2642	0
2697	2782	0
777	2658	0
2753	2521	0
109	2546	0
1211	100	0
2552	2711	0
1654	1878	0
2646	2783	0
1837	2584	0
2032	2784	0
2086	1871	0
1446	2588	0
2641	2643	0
243	2785	0
43	2634	0
2627	2763	0
2779	2713	0
2582	2719	0
2524	492	0
1063	2786	0
2759	754	0
2749	2620	0
319	2556	0
842	2783	0
2524	2768	0
392	1009	0
1714	2744	0
2697	2512	0
2660	2701	0
1647	2787	0
2168	1270	0
62	2691	0
1346	2788	0
301	2782	0
842	2517	0
2789	57	0
2759	2790	0
200	2743	0
62	2517	0
249	2791	0
2168	2729	0
2778	2576	0
242	1785	0
2269	2300	0
2749	2568	0
2589	2685	0
604	2658	0
606	2560	0
1984	2527	0
2617	2640	0
1079	2606	0
777	2679	0
2346	2000	0
2600	2527	0
2558	2300	0
1811	412	0
2688	2034	0
198	2512	0
2700	2339	0
2789	2780	0
2779	2701	0
532	1583	0
1287	2654	0
1877	2792	0
76	2663	0
2793	2562	0
2524	440	0
1706	921	0
2613	2695	0
1211	2581	0
1394	2724	0
2794	38	0
2545	2607	0
1032	113	0
2554	2795	0
2688	2732	0
777	221	0
692	2754	0
971	2796	0
624	2729	0
2753	1516	0
2771	2034	0
2775	2537	0
249	2703	0
2468	1857	0
2797	2626	0
2542	2798	0
2397	1583	0
314	2525	0
994	551	0
521	2599	0
2518	2799	0
229	1999	0
2800	2784	0
1510	2614	0
2086	2414	0
604	1378	0
108	577	0
1016	1871	0
1636	2801	0
2681	2713	0
2630	2607	0
2600	2746	0
2730	2802	0
2742	2643	0
942	2754	0
330	2282	0
1509	2787	0
6	616	0
521	38	0
532	2757	0
471	2686	0
423	501	0
1935	2784	0
2803	1516	0
2605	2683	0
1016	501	0
196	1924	0
2565	2804	0
2346	2532	0
1451	83	0
2613	233	0
1935	554	0
1546	2339	0
423	2551	0
108	2537	0
1033	1361	0
2072	2802	0
2805	2806	0
2641	1890	0
1247	2710	0
923	1857	0
789	2642	0
1219	2612	0
2753	2761	0
2697	2187	0
197	2732	0
2807	2585	0
1695	2798	0
2648	2712	0
2613	2792	0
2736	902	0
2661	361	0
712	2034	0
2648	719	0
1715	2412	0
2554	233	0
149	960	0
2800	2546	0
199	2687	0
2730	869	0
2065	2560	0
2708	18	0
1551	1422	0
299	582	0
1601	2640	0
971	1818	0
319	2770	0
253	2515	0
249	2769	0
2536	1745	0
1837	2581	0
624	361	0
2692	2768	0
2625	2124	0
1647	2712	0
1837	213	0
2800	2808	0
2760	2686	0
2696	2804	0
2602	1582	0
2776	2770	0
2625	2804	0
1683	2735	0
2671	2596	0
942	1999	0
2542	2809	0
2355	2647	0
450	1635	0
2749	1052	0
2810	2702	0
1033	2739	0
1837	2625	0
2346	2124	0
2552	2649	0
2811	233	0
871	2743	0
1654	440	0
2103	1361	0
2346	2704	0
724	2519	0
2673	2572	0
2753	577	0
747	2606	0
1440	2659	0
2518	2725	0
1657	2606	0
1247	1785	0
62	2124	0
2565	2475	0
1802	2777	0
1132	2574	0
1166	2511	0
1657	492	0
1132	2509	0
2589	2569	0
2627	492	0
557	1228	0
2708	1924	0
2700	492	0
1978	462	0
292	2414	0
1031	2682	0
2534	2713	0
67	2571	0
2561	2151	0
670	136	0
2547	554	0
2630	2171	0
2086	2576	0
2536	1999	0
2737	2787	0
1636	2812	0
343	2628	0
1083	921	0
670	2569	0
2700	2548	0
1446	990	0
1695	412	0
178	960	0
2553	2544	0
1654	221	0
2813	2814	0
1765	2360	0
2680	2765	0
2730	1228	0
1440	921	0
2760	2815	0
149	2701	0
14	949	0
723	2769	0
2205	2670	0
314	2724	0
157	2816	0
198	577	0
1033	2667	0
2618	2517	0
2776	2559	0
2660	2679	0
472	1422	0
1695	2529	0
1115	2466	0
922	2585	0
2775	2568	0
1802	2360	0
2700	2734	0
243	1009	0
178	2770	0
2567	2581	0
557	326	0
1824	2263	0
2817	2515	0
1340	2559	0
2555	2721	0
1079	2551	0
2772	2523	0
2749	2597	0
2609	2768	0
1208	2768	0
43	2372	0
2468	2717	0
2688	2695	0
1262	2372	0
2587	2734	0
1262	577	0
2648	2595	0
2631	2549	0
1683	2606	0
557	2735	0
931	2515	0
2618	2732	0
1654	2773	0
2662	2300	0
1446	83	0
2072	2594	0
2504	1515	0
1648	2685	0
2758	2574	0
1083	719	0
1509	2685	0
2452	719	0
2330	2502	0
2468	2360	0
1033	2768	0
638	2791	0
1405	1636	0
2778	2699	0
2731	2529	0
2680	501	0
1795	519	0
1446	519	0
2565	1689	0
2514	2537	0
945	2515	0
601	2469	0
1824	2757	0
1509	2475	0
2573	2532	0
2552	113	0
2504	24	0
2749	2263	0
2818	2691	0
2807	2533	0
1004	2171	0
2605	1422	0
2709	2604	0
1683	2594	0
1811	2702	0
199	436	0
606	2506	0
745	2770	0
2567	2638	0
2536	2581	0
1016	2761	0
1935	493	0
2610	2614	0
62	1582	0
2807	2576	0
2671	2638	0
2709	2689	0
1247	2741	0
1109	2607	0
2676	2735	0
1287	213	0
1647	2511	0
1935	2564	0
809	2670	0
1509	129	0
2609	2502	0
2468	2585	0
563	2517	0
2819	2711	0
1340	1890	0
2775	2578	0
563	2620	0
1031	2791	0
2817	2539	0
184	2763	0
2168	2643	0
2570	2559	0
747	2712	0
604	2592	0
105	192	0
292	569	0
319	1422	0
1287	2300	0
1936	2624	0
874	693	0
2631	2548	0
601	2171	0
624	2725	0
2736	2683	0
1795	2586	0
2127	2675	0
2673	1378	0
2793	2787	0
1446	2791	0
1394	2791	0
1208	1011	0
2510	2751	0
1181	2591	0
2555	840	0
2631	100	0
2733	38	0
1015	2678	0
2803	2654	0
2688	2612	0
564	2503	0
200	2774	0
318	761	0
330	1009	0
815	2804	0
2820	2740	0
1836	1251	0
330	57	0
2821	2695	0
2552	2594	0
2086	2713	0
2653	2566	0
2630	2000	0
536	2632	0
2789	83	0
2680	2574	0
747	2117	0
2794	554	0
1824	2744	0
2810	2780	0
2101	500	0
1033	2752	0
670	2645	0
2618	2739	0
1929	2647	0
2749	2469	0
2452	2628	0
2452	822	0
532	1361	0
2589	2702	0
2510	1878	0
43	218	0
2803	2599	0
747	1878	0
2630	869	0
2655	2507	0
1133	2643	0
105	2543	0
1346	2719	0
1657	100	0
1984	2187	0
1132	2690	0
1824	2721	0
2617	921	0
1032	2372	0
606	2620	0
2032	2548	0
1863	902	0
629	2525	0
723	2581	0
2660	2754	0
2269	2517	0
1032	2620	0
2565	2795	0
314	1689	0
2767	2722	0
2205	2707	0
2630	2687	0
920	2034	0
1211	869	0
1654	2624	0
606	2704	0
952	221	0
2635	2678	0
712	2604	0
2793	2611	0
1647	2537	0
2742	2412	0
968	2738	0
298	2607	0
2737	2783	0
2540	2633	0
2742	1378	0
2127	2638	0
2708	1999	0
1004	2634	0
2817	2633	0
2545	2712	0
2727	2620	0
2789	2790	0
2793	1871	0
2540	2756	0
1553	2795	0
1328	2658	0
1863	2647	0
2635	2693	0
2646	2769	0
1249	577	0
1510	1052	0
952	2506	0
2727	2798	0
1340	2624	0
2758	1688	0
1654	501	0
2656	2506	0
75	2786	0
2755	2564	0
2745	2757	0
2676	655	0
2269	2717	0
1836	569	0
2700	2623	0
2762	2649	0
1601	2712	0
2692	2693	0
2708	2694	0
199	2597	0
318	2544	0
2759	2612	0
2641	2606	0
1755	2706	0
470	184	0
196	2626	0
2168	2698	0
157	2822	0
952	2620	0
2603	2795	0
1927	2628	0
2779	2412	0
1211	2527	0
1340	902	0
1035	1858	0
2270	2412	0
1551	2808	0
1877	2503	0
2644	1890	0
606	361	0
2355	2720	0
319	2677	0
149	2703	0
2536	2732	0
2468	519	0
536	2647	0
1647	2788	0
2605	2729	0
2031	2527	0
108	1857	0
2806	1993	0
2731	2757	0
945	501	0
1181	2743	0
1823	840	0
1023	2522	0
923	1871	0
1262	693	0
2583	2764	0
2813	2640	0
692	500	0
1004	2339	0
2681	2151	0
2072	569	0
2681	2614	0
392	2718	0
1023	2652	0
1440	1745	0
2535	2650	0
1755	655	0
2535	2530	0
777	2626	0
1863	2788	0
1683	313	0
229	2799	0
2760	2791	0
2552	2763	0
109	2751	0
472	2124	0
2759	2718	0
1181	2632	0
1639	2690	0
2205	2607	0
2789	2360	0
1015	2601	0
1287	18	0
604	2564	0
1109	2572	0
1287	192	0
378	2763	0
1166	2522	0
157	1260	0
2727	2586	0
2664	2000	0
1795	2786	0
2545	2693	0
2753	1378	0
408	154	0
2032	1011	0
1446	2666	0
392	2743	0
2031	2525	0
1016	1653	0
2504	2716	0
521	2300	0
2776	2522	0
1823	136	0
2819	2765	0
629	1745	0
1639	2721	0
137	2770	0
76	2117	0
2553	1505	0
562	2527	0
789	2604	0
1211	2701	0
815	38	0
2692	2640	0
1262	2624	0
994	361	0
2558	2732	0
1551	2724	0
2759	941	0
942	2634	0
2557	2575	0
920	2578	0
2656	2707	0
2520	2616	0
601	2594	0
2629	2740	0
564	2034	0
229	2124	0
2674	2685	0
2516	2823	0
931	2744	0
2540	2576	0
2524	1878	0
2742	2741	0
2793	2006	0
2573	1785	0
2627	941	0
931	2628	0
2775	2683	0
1601	2530	0
1647	2523	0
922	2645	0
2727	1270	0
1927	2541	0
2635	2564	0
366	500	0
809	2034	0
942	519	0
629	436	0
2554	2725	0
2168	2151	0
2639	192	0
178	1890	0
1208	1878	0
378	1785	0
336	455	0
471	2076	0
2819	2679	0
971	2795	0
1346	2702	0
2664	2746	0
2696	2766	0
2760	2530	0
2610	2770	0
1657	440	0
229	2550	0
1079	1516	0
2653	2171	0
724	2823	0
532	2773	0
197	2575	0
85	1537	0
366	2693	0
1706	2604	0
2737	2816	0
249	2550	0
2520	2678	0
1639	2626	0
1795	1212	0
1984	2595	0
1166	2528	0
1836	2515	0
2127	990	0
2504	2414	0
62	2788	0
1863	569	0
2676	2747	0
1984	2506	0
2545	2711	0
2715	2783	0
2672	2738	0
1593	2607	0
2727	2593	0
1593	2503	0
2657	2640	0
2664	693	0
2779	2677	0
2618	2645	0
2646	2372	0
229	2571	0
2705	2716	0
2602	2522	0
2557	436	0
2622	2556	0
638	2569	0
922	2756	0
2811	2822	0
563	2574	0
564	2729	0
378	2532	0
809	2578	0
2455	2574	0
2540	1688	0
690	1212	0
1929	2704	0
2697	2721	0
2733	2502	0
406	213	0
942	2647	0
2811	1785	0
2635	2592	0
242	492	0
2583	2804	0
2618	2117	0
2811	2574	0
2733	1378	0
1811	2815	0
2644	500	0
809	2721	0
1340	492	0
76	2569	0
1657	2718	0
2664	2719	0
638	2667	0
108	2517	0
624	2652	0
1647	2006	0
2817	2823	0
2731	2739	0
2676	1785	0
75	2634	0
2810	1999	0
1795	2512	0
319	2560	0
2651	2704	0
292	2791	0
952	2521	0
1246	2754	0
2613	361	0
2662	1516	0
2778	2729	0
2657	213	0
2600	2505	0
2664	2533	0
109	2650	0
2631	2588	0
2657	2785	0
76	569	0
199	1754	0
1960	2637	0
2824	2469	0
670	1745	0
2536	2702	0
2750	2748	0
638	1260	0
2644	2522	0
1166	2703	0
1219	2532	0
2730	2717	0
815	2585	0
2510	2546	0
1960	2685	0
137	577	0
1553	2718	0
199	2633	0
2793	2505	0
318	2647	0
2610	869	0
2552	2503	0
1083	2529	0
1836	2505	0
2708	2515	0
2807	2802	0
2813	1982	0
2554	121	0
2610	1212	0
2535	2575	0
330	2329	0
2627	2701	0
2668	493	0
330	2746	0
1063	2752	0
1593	2562	0
199	1890	0
2579	2611	0
2696	2777	0
301	2769	0
2531	2611	0
2824	554	0
2589	2637	0
2535	519	0
67	2541	0
2629	2743	0
2745	2152	0
1695	2637	0
253	2571	0
1328	2634	0
298	2507	0
2708	2659	0
971	2606	0
2570	2599	0
693	960	0
624	1212	0
2570	2701	0
62	2754	0
391	2720	0
2767	2566	0
2676	2791	0
2819	2530	0
157	2728	0
2538	2764	0
472	2783	0
2545	2578	0
1795	2549	0
2526	2654	0
1035	1890	0
318	2517	0
1023	577	0
521	1361	0
2797	2703	0
2524	902	0
2086	2757	0
2510	840	0
378	2612	0
2793	2711	0
1551	2786	0
745	2620	0
2760	2329	0
1553	2576	0
2696	2626	0
1204	2804	0
334	349	0
942	822	0
1247	38	0
2270	2645	0
178	218	0
723	1818	0
149	2263	0
1654	2754	0
2745	2549	0
2671	2809	0
44	1858	0
1657	2675	0
815	2575	0
336	2795	0
2776	2725	0
874	941	0
601	2000	0
2653	2677	0
2819	2822	0
301	2722	0
1811	83	0
2561	869	0
2731	462	0
2755	2624	0
109	1270	0
184	440	0
2760	2796	0
471	2637	0
43	2677	0
2625	2505	0
2534	2519	0
994	2720	0
2032	840	0
366	2537	0
2468	2689	0
366	213	0
1132	2746	0
2270	2643	0
2660	100	0
2731	1212	0
242	2637	0
85	1251	0
2619	2527	0
1249	2151	0
1877	2568	0
249	2117	0
2742	218	0
2657	2475	0
1509	2614	0
2615	221	0
298	990	0
1246	2612	0
564	2117	0
1823	2539	0
2662	2566	0
2797	1516	0
1553	2724	0
1935	1228	0
1823	2581	0
624	2699	0
698	2647	0
923	38	0
2542	2768	0
1510	18	0
2651	1251	0
2627	2743	0
2516	2527	0
1033	2574	0
1755	2532	0
624	2601	0
2131	2743	0
2789	2521	0
2630	2616	0
1102	2757	0
2705	2738	0
1960	2594	0
2775	2577	0
2397	2076	0
1266	2825	0
2518	1982	0
2567	2798	0
2800	2650	0
777	941	0
2504	572	0
994	2694	0
2730	2601	0
2817	2414	0
1510	462	0
44	1982	0
2603	2723	0
2579	2659	0
2750	2537	0
1984	2815	0
796	902	0
2749	2117	0
1346	2675	0
899	2683	0
301	2740	0
2767	1378	0
2466	1170	0
1004	2826	0
2696	2562	0
2772	2823	0
2540	2637	0
2648	2564	0
378	2329	0
624	221	0
723	2521	0
874	2502	0
1509	2667	0
2536	1422	0
2771	2592	0
314	2595	0
2516	2546	0
2749	2533	0
1551	2751	0
343	129	0
692	2596	0
1929	455	0
2627	2770	0
2753	1212	0
2212	2616	0
899	2612	0
842	2788	0
242	1260	0
2630	2738	0
1936	1582	0
330	2171	0
871	462	0
536	2670	0
1546	822	0
2565	2773	0
406	1785	0
2639	2187	0
1960	2509	0
2555	129	0
1695	1754	0
1935	2124	0
2355	492	0
1601	2505	0
2540	2765	0
2827	1823	0
922	2601	0
1509	2792	0
2696	577	0
2103	1582	0
1035	2790	0
68	2594	0
249	2632	0
2536	2685	0
692	2765	0
2131	2511	0
741	2314	0
521	2645	0
1133	2597	0
1695	2263	0
557	2611	0
68	2550	0
1079	2624	0
745	2728	0
1440	2740	0
629	2642	0
1546	2640	0
1811	2532	0
2540	2743	0
2635	2682	0
2545	2796	0
606	2724	0
923	2678	0
1262	2781	0
2330	2642	0
1765	1516	0
2730	2541	0
2715	2784	0
292	233	0
319	2679	0
2168	2000	0
1079	501	0
137	218	0
1008	2777	0
2567	2607	0
1249	2649	0
2579	2604	0
2731	693	0
2730	2636	0
2625	2559	0
1132	2649	0
2700	2469	0
319	2515	0
2730	2575	0
2745	577	0
899	2802	0
76	2744	0
2065	2517	0
1287	2707	0
2810	2784	0
2269	2685	0
532	2764	0
2130	2506	0
2767	2652	0
2803	500	0
2622	1785	0
1249	2741	0
2127	2716	0
2793	2765	0
2615	2694	0
2605	1582	0
747	1858	0
789	990	0
109	2802	0
2662	2151	0
2641	2151	0
564	2614	0
2736	2769	0
2534	2584	0
2086	2678	0
2545	1688	0
2510	361	0
1795	2596	0
1016	2703	0
2656	2575	0
2531	1228	0
105	2509	0
2587	2572	0
1181	2076	0
2557	2597	0
184	2620	0
2346	1228	0
1714	2511	0
842	2475	0
1083	2684	0
2168	2826	0
2750	2339	0
1328	1871	0
472	2706	0
1440	2372	0
2555	221	0
1936	2124	0
842	572	0
2828	2523	0
392	2529	0
2355	493	0
2516	2611	0
2609	822	0
2534	2734	0
2674	2475	0
796	1689	0
1978	2816	0
2819	412	0
319	501	0
2579	2740	0
2534	2763	0
2775	2509	0
2700	2584	0
2824	2616	0
1510	2774	0
2820	2766	0
2526	2748	0
994	1858	0
2600	192	0
2589	2740	0
1204	1818	0
2542	960	0
815	2792	0
923	2647	0
2727	2566	0
2554	1212	0
184	1818	0
2610	24	0
2758	2704	0
2355	2512	0
1765	2809	0
604	2117	0
1811	500	0
1394	2624	0
942	2686	0
2673	2650	0
2269	2652	0
1032	2550	0
2742	24	0
2818	2640	0
2671	2593	0
472	2725	0
2540	2550	0
336	569	0
931	2588	0
2635	2739	0
2818	2783	0
1546	462	0
1249	2739	0
2355	869	0
2086	1915	0
2673	2574	0
2627	1871	0
1023	2707	0
2610	2682	0
2613	1515	0
1204	2076	0
2542	2628	0
2696	2684	0
2776	2012	0
2775	412	0
336	2187	0
899	941	0
2639	129	0
229	1653	0
301	2684	0
2644	2721	0
1246	2714	0
391	2667	0
196	2006	0
2700	2747	0
1765	2670	0
2622	2475	0
564	2611	0
2520	2777	0
2573	2329	0
624	2530	0
1593	2584	0
242	2690	0
392	2781	0
2656	38	0
392	2584	0
1166	2783	0
945	2703	0
1837	2763	0
1695	2117	0
2697	569	0
2797	2541	0
745	1505	0
2514	2763	0
1031	2608	0
1004	501	0
2753	2723	0
1031	2475	0
629	2263	0
2800	2034	0
2531	1689	0
2664	2006	0
1863	1009	0
2072	554	0
2697	2665	0
536	2475	0
2630	551	0
2755	2654	0
137	1212	0
747	2006	0
108	2751	0
2579	1505	0
2542	2512	0
2755	1260	0
2737	2360	0
2583	2667	0
899	136	0
423	500	0
2573	113	0
712	2533	0
874	2171	0
2547	2544	0
2205	2624	0
2589	2757	0
557	18	0
1246	2649	0
924	455	0
2750	2734	0
1509	2707	0
1035	2532	0
200	2721	0
472	121	0
1451	2701	0
1328	2607	0
2609	2372	0
536	1052	0
2731	361	0
43	2783	0
149	2788	0
2762	2607	0
2737	2718	0
2758	2624	0
1031	2748	0
298	2826	0
2570	719	0
2709	2764	0
2810	2533	0
2579	2564	0
2824	2712	0
1510	2528	0
2625	1260	0
2692	2713	0
2692	113	0
76	2710	0
1394	822	0
1601	2559	0
68	1653	0
1083	2282	0
942	2329	0
1683	2689	0
2692	2549	0
1102	2608	0
2130	2675	0
1446	2740	0
2661	2300	0
2602	2537	0
1340	83	0
2745	519	0
1031	2590	0
2794	1745	0
1654	2695	0
2656	2784	0
809	1515	0
1593	2556	0
2613	2769	0
1755	2548	0
61	79	0
1109	2735	0
2708	2741	0
690	24	0
1936	2826	0
1102	2815	0
1765	990	0
2819	2706	0
2032	2795	0
2567	2590	0
745	2592	0
2598	2601	0
2646	569	0
105	2628	0
2032	2541	0
2813	2584	0
1648	313	0
1204	2670	0
2613	2532	0
2753	2720	0
1031	2556	0
1510	2719	0
2531	1785	0
2648	754	0
2583	2506	0
2618	2710	0
796	2329	0
2811	2714	0
690	1251	0
2793	2685	0
532	2360	0
1647	213	0
2758	1689	0
2516	1858	0
253	2634	0
2613	2714	0
2793	2743	0
1715	2802	0
2542	1260	0
2656	1537	0
1837	2728	0
184	2711	0
2531	2513	0
2759	2566	0
44	2372	0
2630	38	0
871	2517	0
318	2620	0
2455	2795	0
2661	2530	0
796	2507	0
292	2612	0
2829	100	0
871	1982	0
1246	1212	0
2758	2606	0
2508	218	0
874	2414	0
1811	2637	0
2605	1653	0
1287	2636	0
2032	2507	0
2573	1653	0
564	2502	0
2270	572	0
690	2546	0
1863	2585	0
2820	2682	0
2583	2012	0
2555	2596	0
564	2698	0
1446	2645	0
2531	2746	0
536	2612	0
2330	902	0
1695	2543	0
1287	2735	0
43	569	0
692	1878	0
747	2012	0
2553	2596	0
2727	83	0
76	2577	0
2205	551	0
318	1754	0
243	2663	0
1211	2684	0
1079	1924	0
931	233	0
1015	2551	0
2618	2628	0
76	2563	0
2668	2588	0
392	136	0
536	2505	0
2653	2822	0
842	2576	0
1765	2654	0
690	2711	0
319	2826	0
336	2475	0
1824	2682	0
1936	2515	0
1063	719	0
2705	869	0
2709	2802	0
2696	2614	0
2817	2802	0
199	412	0
1509	2704	0
2817	2574	0
2697	436	0
1004	1689	0
2397	2734	0
2397	455	0
1035	2723	0
2775	2576	0
2397	2686	0
2618	551	0
1404	1170	0
2829	2539	0
366	2790	0
2758	2643	0
1079	2739	0
1755	2171	0
2664	2548	0
2573	2576	0
2753	2513	0
242	2642	0
2672	2773	0
945	2596	0
1451	233	0
2824	2751	0
1929	2717	0
253	38	0
301	1871	0
2705	2611	0
1346	2686	0
2552	233	0
945	2626	0
1405	758	0
2672	2606	0
1715	2826	0
2101	1270	0
2531	2645	0
692	2608	0
2269	2642	0
2824	2124	0
2168	2816	0
336	2770	0
2508	2586	0
532	2124	0
2617	2034	0
197	2566	0
1695	1924	0
1063	2741	0
378	2151	0
2622	1251	0
391	1422	0
924	492	0
1079	2568	0
1755	361	0
1346	2539	0
899	2701	0
2641	2560	0
2573	2541	0
2520	2642	0
563	2621	0
343	2592	0
698	2612	0
157	2739	0
690	2785	0
1219	2744	0
638	2773	0
1647	2707	0
2131	1653	0
2775	38	0
971	2151	0
2582	2585	0
724	2584	0
2508	2000	0
2818	2707	0
1715	2584	0
392	2614	0
2629	1378	0
1346	2808	0
2587	941	0
690	2816	0
1984	2804	0
336	2517	0
1510	2541	0
44	440	0
68	2592	0
2520	218	0
2547	2741	0
2630	2712	0
1706	2614	0
76	2777	0
874	2826	0
2758	2000	0
2531	2784	0
624	2584	0
2660	577	0
604	2372	0
2779	233	0
298	2757	0
2504	2792	0
2737	2521	0
2555	2523	0
44	2716	0
562	361	0
2531	1924	0
2065	1537	0
2692	2694	0
2520	2763	0
1510	2566	0
2130	1999	0
1509	2638	0
2760	2822	0
2762	2006	0
1219	2707	0
842	569	0
198	2590	0
2617	2707	0
2807	2544	0
1863	2566	0
2561	2770	0
471	436	0
1079	2768	0
2545	2773	0
198	1515	0
1063	2780	0
2617	1378	0
1929	326	0
2542	2525	0
638	2559	0
2767	2751	0
1219	2732	0
712	2591	0
2573	2519	0
109	1745	0
968	2604	0
1551	2741	0
787	616	0
1960	2679	0
606	2768	0
532	2734	0
2680	2677	0
2656	2795	0
2818	2282	0
2579	761	0
2617	2636	0
2730	1915	0
1219	2712	0
423	2562	0
2540	2675	0
43	2712	0
629	2765	0
698	2761	0
1328	2628	0
2767	1871	0
1211	2802	0
2758	2744	0
2557	2502	0
2759	1011	0
1877	1754	0
2617	2654	0
521	2764	0
1936	2703	0
2708	455	0
229	455	0
2672	2716	0
1247	2748	0
1246	2698	0
1211	2171	0
2681	1515	0
2103	1583	0
724	2764	0
2330	2763	0
2803	2575	0
2771	2786	0
2750	2702	0
198	2329	0
2065	2339	0
391	2512	0
2555	2616	0
1837	2574	0
2610	1422	0
2800	2763	0
2794	2726	0
1340	2686	0
2504	2117	0
2639	2689	0
1654	990	0
2759	2723	0
945	2511	0
2130	2809	0
2617	2515	0
2727	2746	0
2789	2263	0
366	2826	0
2800	501	0
994	2633	0
2598	2300	0
2518	902	0
1031	2763	0
1648	2726	0
1936	2701	0
942	2300	0
1102	2740	0
1008	1516	0
2534	2702	0
1936	2329	0
2653	2513	0
343	2636	0
1837	2124	0
1811	655	0
1394	2748	0
1929	2568	0
2554	2585	0
2518	2638	0
2625	2151	0
2212	2611	0
2672	2754	0
1204	655	0
2101	902	0
2072	2576	0
2828	2654	0
2270	2117	0
2755	2728	0
1015	2559	0
1340	754	0
2622	2593	0
67	2550	0
777	2761	0
2269	2814	0
698	2372	0
2583	2607	0
2168	2792	0
2526	2687	0
2545	2698	0
391	2738	0
2779	2571	0
2031	2571	0
2688	2532	0
1328	869	0
2807	2575	0
2772	1260	0
1648	2539	0
2813	2787	0
2631	2592	0
670	2566	0
1008	941	0
629	1361	0
2534	2513	0
2820	569	0
378	1361	0
2653	2735	0
1083	1924	0
1063	2171	0
874	2714	0
423	436	0
2779	2734	0
1553	2722	0
747	1515	0
2582	719	0
1836	2747	0
723	192	0
1016	2777	0
2582	569	0
1079	2569	0
815	2329	0
2630	2593	0
1978	2804	0
1683	221	0
747	2685	0
1510	2532	0
629	519	0
692	2621	0
2101	2796	0
562	2729	0
1877	2756	0
2504	2791	0
2552	2592	0
2661	2665	0
2821	2574	0
2772	2537	0
2534	412	0
198	2665	0
968	2414	0
2811	1818	0
2651	2546	0
2736	2659	0
629	2682	0
1004	2528	0
2700	2777	0
690	1228	0
85	2626	0
392	2599	0
391	2412	0
2510	113	0
2646	2525	0
2609	2543	0
2771	18	0
105	2626	0
670	2543	0
1249	18	0
2557	2577	0
1927	501	0
2644	313	0
229	493	0
1639	2725	0
2580	577	0
994	2670	0
2680	2785	0
178	2650	0
2660	2785	0
1346	2716	0
1451	2595	0
2688	2339	0
2680	2826	0
1647	2633	0
2610	233	0
2771	2559	0
1035	719	0
1647	2634	0
1755	38	0
2749	2682	0
2455	2571	0
2794	2606	0
253	1924	0
2817	2764	0
601	2034	0
2778	2171	0
2619	2515	0
62	2722	0
1008	1745	0
157	2511	0
2778	1537	0
2736	1378	0
994	1052	0
2629	2711	0
200	2006	0
1083	2576	0
200	1583	0
1035	822	0
952	2695	0
1715	1583	0
67	2695	0
1647	2621	0
2613	2076	0
968	2782	0
1440	313	0
2032	2151	0
1593	822	0
2668	2699	0
2762	2572	0
197	2786	0
1109	2647	0
249	2612	0
196	1251	0
2397	2751	0
2696	2594	0
874	2649	0
2531	2670	0
1451	2528	0
1647	2740	0
2514	1228	0
149	2728	0
1008	2712	0
108	1011	0
2518	2527	0
2639	2687	0
638	2152	0
178	2659	0
670	2611	0
1978	2763	0
1509	1688	0
922	2710	0
2672	2720	0
2269	462	0
2127	2607	0
196	2640	0
2065	719	0
318	2735	0
2072	1745	0
2651	2782	0
2330	1582	0
1823	2704	0
1546	1915	0
2538	2000	0
1978	2568	0
314	1582	0
2567	840	0
1394	2581	0
2800	2757	0
2570	2652	0
2758	100	0
105	569	0
1836	519	0
2651	2802	0
196	1871	0
2657	519	0
43	1422	0
2771	2768	0
253	1688	0
2641	2599	0
2524	2707	0
1551	1818	0
68	2624	0
2681	2300	0
336	2546	0
1755	2728	0
971	551	0
2688	2687	0
2540	2548	0
2598	2541	0
1824	2568	0
44	136	0
815	2572	0
1451	2761	0
1601	655	0
944	2830	0
2829	2544	0
2631	2815	0
1016	2707	0
1246	2770	0
2269	2786	0
2582	2562	0
2727	2647	0
1262	1754	0
2580	1999	0
2644	2802	0
1706	1785	0
2742	2795	0
2468	501	0
1648	902	0
1553	840	0
2538	2787	0
1551	2124	0
1394	2548	0
2031	2698	0
2542	1011	0
2778	1878	0
38	857	0
343	500	0
2131	960	0
1008	129	0
638	493	0
2567	2643	0
2655	2684	0
1811	2564	0
242	2543	0
2583	2620	0
952	2556	0
2681	501	0
2536	2782	0
1004	1982	0
2561	1537	0
75	2577	0
2630	361	0
1823	2684	0
2750	2623	0
1639	2597	0
1639	1537	0
2776	2586	0
1648	2645	0
392	2530	0
197	1924	0
1446	500	0
624	2505	0
2538	2527	0
2709	2747	0
1451	2732	0
2797	2601	0
1132	2663	0
2776	2738	0
366	2652	0
2772	2647	0
723	18	0
334	350	0
2644	2670	0
2631	2684	0
604	2729	0
2314	1170	0
1824	2754	0
2531	2530	0
1451	2263	0
532	184	0
2127	38	0
472	326	0
2674	2679	0
2776	2650	0
2779	990	0
1654	2780	0
2615	1857	0
1639	2522	0
2737	2716	0
2745	2686	0
2803	326	0
747	2581	0
2775	1689	0
1102	2739	0
629	455	0
931	2741	0
2555	2572	0
562	2572	0
2570	2525	0
2681	2519	0
923	1260	0
2355	2693	0
1166	113	0
2603	2594	0
2800	551	0
2673	2000	0
2810	2548	0
1877	2372	0
109	2735	0
2131	1745	0
2803	2691	0
2561	2620	0
67	2637	0
1836	2796	0
2065	2702	0
2520	2543	0
2580	2546	0
1328	2650	0
670	2663	0
2631	2578	0
2727	2763	0
68	2608	0
1639	2652	0
2813	2721	0
67	2752	0
2542	2729	0
920	2372	0
2031	2475	0
2587	1890	0
2510	1582	0
2514	2728	0
1877	2667	0
923	2729	0
2086	2808	0
2330	2788	0
2646	24	0
1706	2786	0
471	2710	0
2759	2502	0
2776	2647	0
1249	2263	0
1927	2585	0
2103	2707	0
1765	960	0
137	2594	0
2545	902	0
1132	2575	0
2545	1982	0
2561	1052	0
2397	2781	0
2705	2764	0
2709	2799	0
2662	2783	0
1079	2798	0
2598	83	0
423	2652	0
2600	2799	0
391	2576	0
87	787	0
198	1653	0
2520	840	0
2662	2117	0
1166	2513	0
1927	551	0
200	1009	0
2518	1212	0
1551	2678	0
747	655	0
994	2621	0
2531	761	0
2671	2601	0
2603	2739	0
2829	1924	0
2355	24	0
330	2034	0
1654	2574	0
406	2718	0
1287	1818	0
1978	2523	0
2631	2738	0
2514	2815	0
2538	822	0
564	2636	0
1133	492	0
2820	554	0
968	2549	0
604	2764	0
536	2766	0
1715	2647	0
2609	1915	0
2589	572	0
2625	2666	0
604	2593	0
2778	1785	0
1863	462	0
2613	2637	0
2518	2637	0
1033	2591	0
1023	1858	0
2657	1505	0
2552	2694	0
157	2339	0
604	2791	0
2680	2559	0
2031	2503	0
1340	2511	0
2800	2781	0
2759	2588	0
149	2586	0
1765	2475	0
2534	2507	0
2168	2690	0
2646	2679	0
2793	921	0
2565	1052	0
952	2282	0
1639	2711	0
2760	2783	0
471	2769	0
1960	1378	0
723	2593	0
1262	2763	0
472	822	0
2762	2469	0
2794	2763	0
2646	2765	0
2468	2693	0
2583	2788	0
2609	1653	0
2555	2606	0
109	1858	0
952	2701	0
2504	2637	0
1004	2701	0
1208	2171	0
1929	1582	0
378	2593	0
2131	2809	0
1795	2575	0
952	2763	0
2736	2620	0
2605	440	0
44	2777	0
2468	2724	0
747	2519	0
1004	2757	0
2101	2702	0
1546	2826	0
1983	2831	0
2617	2469	0
1219	2372	0
1695	2594	0
2535	2647	0
604	2773	0
2709	2774	0
2631	2522	0
378	2743	0
1004	1251	0
392	1378	0
1695	1582	0
2583	1890	0
2534	2523	0
1936	2649	0
2641	1982	0
336	2502	0
2582	221	0
796	136	0
366	2725	0
76	2716	0
2589	2816	0
1063	2571	0
924	2687	0
745	2581	0
1654	2637	0
330	121	0
1247	2788	0
1654	1537	0
2535	1745	0
2793	2544	0
2538	2604	0
2603	493	0
1802	2012	0
1802	902	0
2609	2706	0
521	2578	0
698	2521	0
1936	24	0
2813	2710	0
1262	2522	0
471	24	0
2688	577	0
2168	2560	0
690	1689	0
2552	2795	0
2619	2712	0
2555	2706	0
2542	2171	0
2168	2634	0
1755	2721	0
2552	2766	0
2661	2372	0
1509	2612	0
471	2765	0
2630	2642	0
606	2372	0
1510	2585	0
1000	857	0
2797	2537	0
2130	462	0
108	2716	0
137	2675	0
2676	2581	0
2789	1361	0
2676	2721	0
2821	840	0
532	2548	0
922	493	0
2540	2744	0
2355	2718	0
2800	1260	0
87	1363	0
75	2729	0
2355	2528	0
2671	2012	0
1647	2783	0
2709	2546	0
2072	1228	0
1166	2769	0
942	1689	0
2681	2723	0
1109	38	0
2639	2608	0
2598	2670	0
2617	2543	0
2600	83	0
2346	1270	0
2553	902	0
2648	2645	0
2697	1583	0
2598	2012	0
922	2541	0
2700	2645	0
2730	1537	0
745	1515	0
2072	2814	0
1166	693	0
2767	2645	0
2813	2690	0
1765	2620	0
1166	2792	0
842	2595	0
842	2774	0
971	2626	0
1033	2546	0
777	2571	0
2630	2719	0
137	2652	0
2355	100	0
1837	500	0
2547	2513	0
423	1915	0
1936	2502	0
2567	2513	0
2625	2513	0
562	2754	0
1647	2666	0
1004	2734	0
2610	2592	0
1102	2591	0
2031	2539	0
968	2747	0
85	2549	0
1102	941	0
2602	2564	0
945	2637	0
2130	2781	0
2101	2757	0
629	2533	0
971	2823	0
314	2548	0
2681	2551	0
198	2701	0
1936	2748	0
920	2515	0
1219	2792	0
2715	822	0
199	440	0
1008	2151	0
2656	1516	0
2789	569	0
2797	2712	0
796	2792	0
1795	2521	0
2811	2594	0
1133	2509	0
2565	2509	0
971	1260	0
406	2601	0
2610	2503	0
2625	2721	0
945	2724	0
2817	1689	0
2661	2781	0
423	2792	0
1033	2764	0
2793	2795	0
2579	2624	0
198	2782	0
62	1361	0
2655	1515	0
108	2512	0
1246	693	0
2587	2724	0
629	2754	0
2755	2783	0
1802	2684	0
2579	233	0
2692	2683	0
1132	2612	0
1657	1422	0
2794	2711	0
1133	2117	0
75	2282	0
1166	412	0
536	2781	0
2518	361	0
2821	2612	0
2688	941	0
2661	2506	0
1824	2549	0
2518	1270	0
796	2751	0
2622	2823	0
2553	2768	0
1553	2507	0
1219	2550	0
2800	822	0
2553	2551	0
2605	2571	0
2534	2592	0
2759	2788	0
945	2533	0
2538	121	0
1451	840	0
2603	2780	0
137	2548	0
1451	2566	0
2557	2695	0
2526	572	0
758	2801	0
670	1422	0
1115	1170	0
2824	2685	0
842	2773	0
1451	2571	0
62	1915	0
1936	2787	0
899	2747	0
1984	1583	0
242	2702	0
406	2360	0
2759	2677	0
604	2634	0
2554	902	0
197	2569	0
1837	761	0
2553	2528	0
2554	38	0
2103	2532	0
336	1583	0
2508	2716	0
1510	2640	0
2269	2539	0
758	1636	0
1802	2621	0
2807	2698	0
1654	2809	0
1133	2769	0
2797	2777	0
2031	1052	0
2639	2698	0
2778	2802	0
1706	2738	0
2671	2594	0
1714	121	0
1004	941	0
2554	2781	0
2583	1251	0
2807	2543	0
2547	2517	0
796	1361	0
2810	2522	0
1546	1754	0
149	1212	0
2672	2604	0
787	1363	0
336	869	0
1836	551	0
1683	2585	0
2731	412	0
2205	2638	0
712	2599	0
1287	2814	0
2672	990	0
2758	2796	0
1929	2710	0
1837	2690	0
2731	2612	0
788	184	0
229	2591	0
2657	2647	0
874	2788	0
1340	2506	0
2648	2766	0
2583	569	0
809	2724	0
971	2569	0
2032	2678	0
1109	221	0
564	57	0
1935	2505	0
2072	2710	0
2827	2805	0
2828	2507	0
2101	2539	0
157	2748	0
2671	1361	0
2705	2543	0
1755	1689	0
2758	492	0
624	2593	0
2619	822	0
942	2606	0
2750	2475	0
2504	2780	0
1714	2636	0
1219	2519	0
1204	2517	0
2672	2000	0
1863	2652	0
2742	2512	0
2657	1052	0
197	2796	0
2557	2528	0
1984	2624	0
2617	2786	0
2760	569	0
2753	38	0
1262	1052	0
2557	2612	0
2696	2509	0
2567	218	0
105	2780	0
2531	1009	0
2031	2783	0
2605	2654	0
2346	2675	0
968	2815	0
366	2034	0
1031	2790	0
1166	2719	0
942	2601	0
85	2722	0
1877	2751	0
314	213	0
1083	2823	0
2625	436	0
2753	1858	0
942	2823	0
2692	2710	0
2696	2578	0
1960	221	0
1247	2761	0
2397	2469	0
2778	2263	0
75	2612	0
971	2000	0
1033	326	0
85	960	0
76	2584	0
1648	2626	0
105	2658	0
2580	326	0
2715	2588	0
2086	693	0
1063	1915	0
149	2527	0
1008	2666	0
1553	2117	0
67	2596	0
108	2546	0
75	2722	0
44	2744	0
2697	1516	0
2615	2636	0
789	2503	0
2032	2519	0
1262	2596	0
196	2663	0
1032	1653	0
2269	1999	0
243	2756	0
1706	1422	0
1394	2786	0
1824	233	0
336	2560	0
423	2751	0
1509	2783	0
1863	2187	0
472	2282	0
2518	60	0
2697	2576	0
2270	2124	0
994	462	0
2697	519	0
899	2693	0
2520	2744	0
692	2566	0
229	2683	0
2455	1582	0
2779	2000	0
2542	2701	0
2660	2640	0
2540	2588	0
105	2551	0
1823	2689	0
874	221	0
2600	2329	0
1748	60	0
2733	2670	0
815	2509	0
1016	218	0
242	501	0
2603	100	0
604	2523	0
521	2628	0
2742	1818	0
2538	2590	0
2600	551	0
1204	2650	0
2130	213	0
971	2751	0
2673	1857	0
2772	2372	0
2817	2756	0
1133	2012	0
2600	2816	0
2668	2693	0
521	2512	0
1083	1745	0
2504	2574	0
1683	2728	0
638	655	0
423	2532	0
2807	2360	0
2565	2124	0
2810	2187	0
1960	2744	0
2733	2329	0
1755	1009	0
2101	2687	0
1346	2782	0
2535	1011	0
2508	2597	0
1546	2601	0
1031	1270	0
2270	2586	0
2561	136	0
1328	2802	0
1654	2566	0
532	2786	0
1510	577	0
301	2513	0
1824	2763	0
2534	2607	0
2526	1871	0
2622	2707	0
1824	2339	0
253	1871	0
2629	2584	0
2737	719	0
2668	2551	0
2625	2780	0
149	2714	0
2605	2718	0
229	2006	0
1440	2517	0
2745	2187	0
2618	2612	0
601	2568	0
2789	2601	0
1016	2665	0
1079	1785	0
606	2282	0
1109	754	0
1249	2117	0
1211	2576	0
2794	2650	0
871	1537	0
1446	2685	0
2573	24	0
777	2151	0
1015	2690	0
942	2623	0
253	100	0
2629	2548	0
2829	1260	0
243	218	0
2072	2769	0
557	2682	0
2573	2585	0
253	2006	0
243	2475	0
2534	1745	0
777	2414	0
931	100	0
1639	1785	0
75	1537	0
44	2649	0
2813	2798	0
2644	2034	0
2803	990	0
2778	2666	0
1208	2784	0
292	2722	0
2806	1823	0
2715	2752	0
423	2543	0
1246	2822	0
712	2747	0
2736	57	0
2776	2780	0
1016	2685	0
157	902	0
1601	2649	0
62	2578	0
931	990	0
2346	1361	0
670	2574	0
745	2683	0
406	2623	0
105	2152	0
2736	2564	0
1109	2783	0
2767	2822	0
1204	129	0
109	326	0
2613	2475	0
2524	2599	0
2397	2747	0
1246	2505	0
2793	2612	0
1706	2814	0
1802	2675	0
109	2544	0
1683	2599	0
1262	2682	0
2573	2757	0
2731	1422	0
1211	2550	0
2510	1270	0
1181	2469	0
2168	2637	0
2103	2665	0
197	2503	0
2598	2503	0
1328	2569	0
616	1363	0
2212	2522	0
2673	2717	0
76	2809	0
198	1688	0
2127	2732	0
2655	2263	0
758	2812	0
2648	1890	0
2520	2412	0
2730	2628	0
198	2568	0
747	501	0
629	2796	0
2749	113	0
1683	2747	0
741	2466	0
1204	2773	0
2779	2590	0
2653	1785	0
971	2713	0
1648	2585	0
2709	2591	0
2580	1924	0
1983	2832	0
1394	719	0
1132	2596	0
2536	2740	0
1546	1505	0
2664	2720	0
2631	2693	0
2598	1378	0
2749	2360	0
1023	2124	0
1204	2694	0
1033	2701	0
2127	2698	0
1837	1924	0
2131	2698	0
2794	2769	0
1440	2539	0
629	83	0
692	2586	0
1204	2528	0
85	2721	0
197	2601	0
2807	2786	0
1695	2626	0
1765	921	0
2778	2665	0
2779	2628	0
2813	2782	0
85	655	0
2065	2769	0
1936	440	0
2535	2726	0
1706	2563	0
1346	1251	0
2520	192	0
1714	572	0
2811	2515	0
199	2798	0
2700	2802	0
184	2654	0
2570	2517	0
2212	2732	0
2130	2076	0
2613	2616	0
2573	100	0
43	2719	0
1394	18	0
2820	2515	0
2547	2556	0
1765	1745	0
2736	2746	0
2086	1982	0
2130	1505	0
1836	2372	0
242	2282	0
137	2586	0
2662	361	0
2794	2652	0
2468	1818	0
1715	218	0
638	2581	0
2676	361	0
2346	822	0
2733	2795	0
108	2785	0
2767	2768	0
423	2624	0
1551	2809	0
692	2738	0
68	1515	0
1755	2659	0
2731	2713	0
109	2512	0
330	2566	0
1510	2765	0
471	2787	0
2818	2663	0
366	2721	0
2681	493	0
2504	2815	0
1647	2746	0
2733	2761	0
378	2642	0
2086	2612	0
2598	2594	0
536	2171	0
2355	2744	0
1593	519	0
1510	2702	0
2688	493	0
601	2695	0
1593	1228	0
690	2764	0
2346	2586	0
1802	2798	0
2641	2372	0
2518	18	0
2610	2802	0
563	2124	0
2733	2719	0
2818	1754	0
2086	2795	0
994	2774	0
2700	2551	0
2793	2690	0
330	83	0
2758	2549	0
1657	493	0
314	2816	0
2618	2521	0
2455	2152	0
2641	1871	0
2535	2624	0
2535	2505	0
137	2689	0
1551	2187	0
2745	2475	0
2715	1890	0
2715	2515	0
1166	2702	0
2708	2703	0
2635	577	0
200	462	0
1935	2726	0
809	2187	0
1262	2643	0
2655	121	0
944	2367	0
109	2741	0
789	2532	0
2656	2525	0
229	719	0
1102	2515	0
690	1982	0
1755	719	0
2692	2814	0
945	121	0
2629	233	0
2681	2537	0
2557	2412	0
2127	2513	0
2730	2741	0
2664	2685	0
2536	218	0
789	2533	0
2534	519	0
68	2703	0
2603	2592	0
62	2117	0
2524	2724	0
2526	1653	0
2824	2796	0
2708	2725	0
2824	2765	0
1927	2556	0
601	2691	0
2573	2637	0
1016	2562	0
2103	2783	0
423	2519	0
698	2606	0
2579	2012	0
2727	2549	0
2762	2720	0
2672	2743	0
1015	2722	0
105	2704	0
945	2774	0
606	2826	0
1204	221	0
532	2577	0
2553	2765	0
2800	2513	0
2524	655	0
391	2263	0
85	1745	0
2805	1993	0
1802	213	0
2772	2780	0
1262	2339	0
472	2372	0
2609	2799	0
971	2781	0
601	1009	0
178	2652	0
2810	1878	0
2610	1890	0
1755	2537	0
1647	2782	0
2531	2751	0
2583	2529	0
108	129	0
1109	2658	0
1935	2677	0
1219	1982	0
1601	2826	0
2737	2637	0
2508	2525	0
2653	2722	0
2824	493	0
2671	2628	0
75	2512	0
723	2522	0
423	719	0
1102	569	0
2824	2527	0
198	57	0
2674	2624	0
2609	1228	0
789	1009	0
2656	1858	0
2672	2723	0
2750	2604	0
2779	2559	0
971	2525	0
2736	2546	0
336	2124	0
922	719	0
952	719	0
2819	2581	0
75	1361	0
1901	2806	0
1440	2585	0
2709	2773	0
2452	492	0
249	2748	0
1749	60	0
2346	2654	0
1714	2594	0
2639	2628	0
2742	83	0
741	1404	0
2561	921	0
178	2124	0
43	2414	0
922	1537	0
2565	2506	0
62	2785	0
2731	2152	0
196	2747	0
2705	2718	0
1824	2532	0
789	1361	0
2627	2503	0
2086	2665	0
85	2414	0
2583	2591	0
2587	2768	0
1811	2728	0
2212	2754	0
815	2714	0
564	2000	0
2545	57	0
1936	2640	0
2676	2571	0
2651	2826	0
2641	500	0
1063	2685	0
406	500	0
157	2826	0
298	2626	0
2829	2507	0
2131	551	0
2657	2654	0
2547	2687	0
2600	2747	0
1287	1270	0
1715	83	0
2031	2623	0
1802	2702	0
2646	2706	0
2619	719	0
1031	2517	0
2737	24	0
2820	1653	0
712	2575	0
1824	2735	0
1936	1516	0
1008	2593	0
2610	218	0
2778	869	0
330	2621	0
2730	2616	0
1016	1516	0
2644	326	0
1015	1583	0
1706	2519	0
1509	1890	0
1695	2539	0
378	2571	0
2610	2636	0
2609	2698	0
2680	2634	0
2558	2152	0
2631	2677	0
143	268	0
2794	2339	0
1715	1857	0
1765	1688	0
2688	2000	0
698	2616	0
899	2632	0
2803	2804	0
2772	2546	0
2561	2604	0
2807	2638	0
2615	2785	0
1262	2796	0
242	2519	0
2793	2802	0
2555	2679	0
1836	869	0
137	822	0
1802	500	0
1440	2506	0
2355	2502	0
2772	2723	0
1714	2682	0
2778	2569	0
2733	2034	0
108	2699	0
1204	2788	0
1115	2314	0
2737	2523	0
1795	1745	0
1032	2551	0
1063	1653	0
1765	493	0
2767	2659	0
1714	436	0
563	2649	0
2609	2571	0
2355	2527	0
1837	2685	0
1440	2777	0
2708	2171	0
2127	1858	0
2535	2578	0
1008	221	0
624	2786	0
2520	113	0
1004	233	0
67	2729	0
557	2643	0
1133	2637	0
2671	136	0
2270	2765	0
2583	500	0
1079	2539	0
2827	1993	0
2767	2581	0
1133	2591	0
2468	1537	0
301	2790	0
2697	2717	0
2731	2541	0
1823	2792	0
2688	2623	0
2656	2816	0
601	2670	0
536	2777	0
945	492	0
1929	2658	0
1837	2773	0
1706	1361	0
343	2643	0
712	218	0
2733	2571	0
1715	2643	0
1714	2549	0
1262	2513	0
670	2628	0
2676	2678	0
2565	2614	0
2767	2763	0
2582	192	0
945	1857	0
2657	2502	0
199	2769	0
2573	2512	0
942	1582	0
2605	2512	0
557	2607	0
712	2698	0
2542	2799	0
253	2769	0
922	100	0
184	2756	0
1551	2738	0
253	2710	0
2797	551	0
184	2747	0
2602	2571	0
1683	1378	0
2552	2723	0
2657	2744	0
249	2563	0
920	2539	0
2367	2830	0
319	2300	0
2625	2690	0
2518	1011	0
2727	2677	0
67	2687	0
624	2666	0
314	233	0
318	2774	0
2651	569	0
2558	2539	0
745	2686	0
1601	2713	0
67	113	0
366	2695	0
1935	2469	0
2789	2607	0
692	2658	0
2807	2517	0
842	2647	0
1824	2171	0
1960	2702	0
2205	2521	0
1706	2647	0
1446	455	0
108	2012	0
2715	2777	0
1715	2642	0
2524	554	0
2579	2792	0
1715	2777	0
2671	2814	0
563	192	0
2526	2124	0
1927	2576	0
601	1857	0
1978	693	0
2131	2650	0
343	2699	0
2510	1754	0
85	2739	0
2696	1857	0
2526	2743	0
2775	136	0
1802	2711	0
2829	113	0
2613	2781	0
1546	2171	0
2810	2740	0
1132	921	0
301	2659	0
2646	83	0
745	2659	0
2072	113	0
2730	2791	0
2131	501	0
2589	2780	0
2518	2632	0
2655	2559	0
2130	2585	0
1016	2774	0
2605	2532	0
242	2529	0
1079	2647	0
1863	113	0
924	2710	0
2580	2746	0
2452	2757	0
2635	2512	0
2618	2642	0
1340	2670	0
563	2684	0
2731	1251	0
2708	2475	0
2538	2632	0
2730	2533	0
2567	1052	0
2583	2734	0
1032	2414	0
2625	2830	0
922	2721	0
521	121	0
2688	2006	0
747	2764	0
923	136	0
1657	1516	0
109	2614	0
200	361	0
2579	2815	0
2818	2263	0
601	2507	0
2673	2604	0
724	655	0
1935	2521	0
2542	2623	0
2829	519	0
108	2593	0
1246	2684	0
1262	1785	0
2661	1653	0
2452	2624	0
1765	1009	0
1016	2722	0
2538	2816	0
292	2666	0
563	2665	0
2130	2588	0
1837	2822	0
2552	941	0
301	2774	0
2570	2586	0
1181	2620	0
924	2636	0
2750	2593	0
2455	2521	0
2558	2171	0
1510	2816	0
75	2822	0
2661	2544	0
2032	2566	0
2828	2586	0
1811	2592	0
343	2528	0
2635	2623	0
1211	213	0
2535	2329	0
298	2620	0
747	2578	0
1033	960	0
2468	2748	0
1346	921	0
2800	2637	0
2674	2569	0
2583	1818	0
952	2522	0
2762	500	0
1249	2507	0
638	2770	0
2514	1251	0
2130	1260	0
199	2640	0
392	2784	0
2101	2773	0
1901	2805	0
197	2300	0
2269	1871	0
1446	2756	0
945	361	0
2587	2690	0
2797	313	0
314	2117	0
2538	2568	0
1033	2636	0
1877	2764	0
1211	2808	0
2664	2764	0
2516	2652	0
2776	2543	0
2705	2798	0
2772	2744	0
2554	2503	0
1016	221	0
2821	2792	0
2557	2546	0
1715	2517	0
1553	2628	0
557	2522	0
1079	2663	0
2715	2675	0
2579	2704	0
842	2752	0
562	902	0
2631	2689	0
343	100	0
1451	2564	0
2598	2339	0
1715	1228	0
2555	2595	0
1765	2012	0
1823	2744	0
2468	2515	0
229	1212	0
2789	2559	0
2627	2699	0
2671	2412	0
1715	1537	0
789	2513	0
2625	2725	0
2635	2537	0
968	2608	0
2212	2773	0
2629	2678	0
44	2728	0
2583	2826	0
1509	2739	0
1978	2546	0
2558	822	0
2672	1378	0
2758	1890	0
2635	2744	0
899	2541	0
2602	2647	0
2811	2329	0
2526	2815	0
1181	2572	0
2270	2638	0
2811	2521	0
536	2769	0
2821	2647	0
1546	2634	0
2455	492	0
2715	2533	0
1249	2783	0
2750	2677	0
109	902	0
1601	2816	0
2555	2815	0
318	2506	0
1695	1878	0
2131	1270	0
1211	2608	0
2813	1516	0
1035	2679	0
2613	2704	0
2648	2774	0
1008	2739	0
2635	2645	0
952	1505	0
2692	100	0
2657	2738	0
1208	2685	0
2631	2000	0
2676	2799	0
2269	192	0
330	2769	0
43	1858	0
68	1361	0
2615	2722	0
2579	2585	0
971	2799	0
2639	2694	0
2625	233	0
2598	2187	0
2668	2706	0
2555	2525	0
2468	2704	0
2775	1505	0
2789	2572	0
638	2623	0
298	1890	0
2617	440	0
1984	493	0
1706	2773	0
1648	2706	0
200	2528	0
2709	2768	0
968	2568	0
2727	2523	0
2821	2522	0
2807	2608	0
606	83	0
2759	2783	0
1863	2743	0
1929	2507	0
2655	221	0
2627	761	0
2674	2076	0
2625	2729	0
1824	2815	0
2504	1785	0
564	1745	0
391	2530	0
2510	655	0
2330	2556	0
2824	2620	0
242	2787	0
2676	2718	0
1440	2747	0
2731	1982	0
2767	2521	0
1936	2572	0
2553	960	0
2730	2569	0
2101	2560	0
1287	2752	0
2681	2690	0
1204	2592	0
1394	2507	0
2542	455	0
2800	1818	0
521	1858	0
815	2642	0
2330	2521	0
2625	2751	0
2813	2541	0
2101	440	0
2819	2469	0
2127	2744	0
1546	1378	0
2130	129	0
1795	2783	0
2828	455	0
2565	1516	0
2101	2614	0
1262	440	0
2536	2746	0
2775	2601	0
2696	2282	0
2776	1924	0
2580	2649	0
2737	2695	0
197	1260	0
157	2533	0
2504	551	0
1016	2117	0
1204	2511	0
298	2640	0
1204	2685	0
2657	2796	0
2547	2764	0
1181	2584	0
2627	2012	0
724	2636	0
2820	1818	0
471	569	0
2644	1924	0
2455	655	0
378	2566	0
2600	2670	0
1346	2809	0
923	2563	0
2797	2682	0
1132	1653	0
2534	121	0
2508	2576	0
2700	2559	0
1715	2768	0
2759	2592	0
2737	1052	0
745	2511	0
1936	2006	0
606	2735	0
2589	436	0
2561	1515	0
2762	2360	0
638	1515	0
2753	2612	0
44	2784	0
1015	2701	0
1249	554	0
789	2530	0
2520	2548	0
2610	2571	0
178	2718	0
2715	2722	0
1877	2533	0
2589	2503	0
557	2768	0
1765	326	0
2561	2599	0
874	24	0
629	2788	0
1657	1260	0
2589	2703	0
2820	869	0
1249	2732	0
2330	1515	0
2772	2551	0
1394	2716	0
2514	2339	0
149	2717	0
2750	2765	0
2664	2815	0
2817	2588	0
2552	2765	0
1246	2706	0
1601	1745	0
1102	2572	0
1929	1505	0
1935	1818	0
1246	2549	0
2553	38	0
2168	2588	0
815	221	0
215	29	0
2270	38	0
2598	2707	0
971	2517	0
1802	2632	0
1340	1583	0
1836	2698	0
68	2809	0
1657	869	0
1328	2704	0
1823	2628	0
2696	869	0
2794	2702	0
690	2798	0
2676	2654	0
2644	2695	0
690	233	0
922	2568	0
2516	2632	0
196	2739	0
931	1516	0
301	2666	0
2514	2764	0
1246	2551	0
924	2475	0
2589	2763	0
200	2791	0
2397	2729	0
1823	2601	0
1440	2623	0
1083	2707	0
2635	2523	0
1657	1688	0
330	2783	0
924	412	0
85	2788	0
2131	2571	0
2772	100	0
1647	326	0
2817	493	0
2538	2743	0
2639	2732	0
2355	221	0
2536	24	0
1765	2637	0
2662	2703	0
1016	192	0
2635	2541	0
2516	1915	0
871	2678	0
471	121	0
2065	2649	0
105	2586	0
2127	1212	0
2600	2720	0
2130	2329	0
690	2604	0
1015	2707	0
2793	2747	0
1328	2654	0
2662	2684	0
366	1537	0
842	2741	0
2639	1422	0
2565	2076	0
1639	2475	0
2639	2572	0
1340	1270	0
199	2691	0
2807	2628	0
2833	934	0
1648	2612	0
1553	121	0
2518	2815	0
1546	2721	0
2582	572	0
2504	2710	0
670	2685	0
2820	2783	0
2708	493	0
1639	554	0
2629	2506	0
2646	2599	0
2580	233	0
1654	2512	0
1837	2367	0
292	2626	0
712	2792	0
638	2517	0
1208	2751	0
1287	2678	0
2651	902	0
1132	501	0
1451	18	0
2205	2782	0
2828	572	0
2827	2806	0
2205	2469	0
2531	2505	0
2755	2774	0
243	221	0
2619	2787	0
724	436	0
2570	2822	0
1340	2521	0
521	2612	0
2775	719	0
2803	2738	0
1208	1689	0
1247	2721	0
2648	519	0
2031	2691	0
692	1745	0
85	2586	0
2750	192	0
968	2590	0
1204	2777	0
319	2785	0
109	2785	0
2727	2636	0
690	2699	0
68	326	0
712	2722	0
2526	218	0
2567	554	0
406	1361	0
1133	455	0
942	2512	0
2708	569	0
2758	2634	0
2615	2584	0
197	2614	0
923	2791	0
2587	2263	0
712	822	0
2644	2640	0
1755	2702	0
536	2809	0
2553	1785	0
1015	2475	0
2629	761	0
2805	1823	0
2794	2645	0
1004	2574	0
2834	476	0
2531	2734	0
2700	500	0
2759	2012	0
1247	2620	0
2803	1999	0
76	761	0
723	2034	0
330	2632	0
2697	2360	0
521	2633	0
178	2594	0
2727	2591	0
2561	2006	0
842	2717	0
1960	2816	0
2538	2507	0
2131	2652	0
2514	2645	0
2600	1653	0
2573	822	0
2103	136	0
472	2529	0
1328	2599	0
2819	1924	0
777	2649	0
2811	2663	0
2789	2645	0
1553	2539	0
2516	2576	0
68	2152	0
2617	2546	0
968	2645	0
1109	2505	0
1824	2571	0
2452	519	0
2168	2469	0
2504	2649	0
2653	2187	0
624	2665	0
2755	2012	0
242	2792	0
1823	2549	0
2330	2687	0
2545	2595	0
536	1653	0
2567	519	0
2660	1505	0
920	2756	0
1132	57	0
2602	2764	0
85	2124	0
2609	2548	0
2103	2569	0
606	2682	0
2779	2507	0
1394	2766	0
2524	2748	0
920	2741	0
2668	2723	0
2617	57	0
2518	2663	0
698	2689	0
2750	2738	0
1246	113	0
2742	2564	0
1647	136	0
2536	1505	0
2657	2710	0
2631	2726	0
809	2659	0
2561	313	0
1593	2571	0
2610	2654	0
2547	2564	0
1035	2616	0
2671	2823	0
1551	2152	0
564	2744	0
536	2548	0
2821	2537	0
2692	2006	0
2793	1878	0
298	2329	0
1004	2282	0
2526	2578	0
2641	2785	0
809	1688	0
2397	192	0
745	2699	0
1927	2000	0
563	492	0
2660	2263	0
2771	2564	0
2668	2726	0
2750	2571	0
1249	326	0
2553	2594	0
899	693	0
1509	1537	0
87	616	0
2793	2738	0
2603	2822	0
406	754	0
924	941	0
562	2372	0
1802	2741	0
2455	462	0
2760	1011	0
2742	2608	0
2598	2513	0
2589	869	0
2583	551	0
471	2577	0
2671	2606	0
2625	2591	0
1765	2517	0
1404	2314	0
690	2791	0
319	2699	0
198	1270	0
2745	2529	0
923	2769	0
796	2763	0
197	693	0
2803	2647	0
2103	2739	0
2672	2650	0
2818	1688	0
1287	2682	0
343	2076	0
1346	2685	0
1765	1754	0
601	2788	0
1133	1228	0
2605	436	0
2629	2640	0
2671	1260	0
606	2124	0
1715	313	0
2622	2765	0
2600	2738	0
343	2414	0
1328	2632	0
2600	2414	0
2639	2601	0
1593	2574	0
178	2654	0
2668	218	0
2657	1515	0
2762	2756	0
1008	2675	0
842	2754	0
2455	218	0
366	2117	0
2692	2643	0
1247	2694	0
2811	2799	0
1346	2699	0
2818	2665	0
2573	2171	0
2346	2117	0
1936	2665	0
2630	2517	0
1811	2575	0
2615	2754	0
2212	2637	0
1063	2541	0
1654	2034	0
1765	2756	0
2555	136	0
777	2584	0
2516	902	0
2630	2809	0
137	2329	0
2605	2152	0
2753	2702	0
301	2663	0
2032	1260	0
944	1837	0
1340	2684	0
2168	2594	0
2753	192	0
2504	1270	0
1978	2677	0
2657	2822	0
2631	1653	0
2613	2675	0
2627	455	0
638	2647	0
2674	2645	0
2803	2512	0
2668	1516	0
229	551	0
2674	2171	0
2557	455	0
2558	2782	0
366	2522	0
178	2503	0
2205	2171	0
2524	2809	0
242	2693	0
2558	192	0
2629	1688	0
318	218	0
2552	2710	0
2762	2581	0
2101	2360	0
