1194	657
651	462
520	2017
517	657
1195	1195
1195	171
332	384
427	384
334	373
330	141
330	140
140	141
725	1191
725	656
1191	1191
725	1196
725	725
725	998
1196	1196
1196	998
998	998
1197	2018
142	143
996	463
996	733
463	733
982	683
982	464
144	19
982	607
498	607
982	498
1198	627
801	627
707	1198
707	801
707	627
627	599
772	627
737	627
627	627
707	599
707	870
1199	1943
1200	1550
1200	1757
1201	1070
1118	1451
1202	1451
1152	1118
1203	1420
1203	1203
1204	1420
1204	1204
1205	585
1205	716
716	585
886	585
886	716
1206	1237
1207	2019
1208	1439
1209	1209
466	1455
465	1455
465	465
465	466
888	1950
1210	972
888	2020
1211	1864
707	707
962	950
545	729
546	729
1212	1265
1213	1265
145	830
145	826
145	967
145	831
529	785
981	1454
846	1214
1214	845
1215	1921
1216	2021
888	740
651	1089
1217	886
1218	1219
1219	1507
1219	2022
1219	1635
1219	657
1220	1221
1221	560
1104	1221
1222	1104
331	1104
1104	1298
1223	1104
1104	2023
997	1104
1224	1104
1225	1104
1104	2024
1104	270
1104	2025
313	1104
1226	1104
1227	1104
1104	1140
1104	1277
1107	1104
1104	928
202	549
146	1228
1228	202
1228	549
1229	1455
1100	712
777	1100
1183	599
170	1479
1230	170
1231	170
1232	170
1232	1479
1230	1232
1230	1231
1232	995
1233	1479
1234	1775
1234	1235
1235	1775
1236	1194
1237	343
343	374
1237	374
170	1265
888	1472
1238	1238
1239	1314
1240	1239
275	1569
275	361
275	1244
1241	275
1240	275
275	275
275	1314
1242	275
275	1600
275	177
275	2026
275	1243
1243	1033
1243	170
275	1250
1244	1250
1245	275
275	1425
1246	1425
1247	1425
1245	1425
1248	1425
1243	1425
1241	1250
1241	1638
1249	1638
1241	592
1250	1522
275	1492
275	1246
275	1510
1240	1240
275	1446
659	1046
659	1251
982	1251
659	658
1251	1254
1251	467
1251	1552
659	739
982	659
690	1630
982	690
690	1521
659	690
688	739
687	739
519	739
739	1251
739	541
739	679
739	1252
659	1252
1251	541
1251	679
1252	1251
683	541
683	679
1252	683
659	1652
799	1652
799	1251
1251	1652
609	1252
609	982
609	683
609	679
609	681
1253	1253
659	1253
1251	1253
1254	1253
658	1253
609	659
609	658
609	647
415	416
595	1236
995	595
1255	1236
1256	1257
1257	24
1257	25
25	24
1258	1256
1258	2027
998	1079
725	1079
1196	1079
532	574
574	468
497	469
497	528
787	976
986	470
792	470
788	791
788	883
782	805
782	719
782	793
791	883
791	784
783	719
783	793
1259	790
883	495
719	789
648	789
498	986
883	781
784	786
883	789
656	1196
656	998
548	471
813	1138
1214	698
725	655
725	1081
725	1082
725	1909
1191	1081
1196	1191
656	1191
998	1191
1191	655
1079	1191
1191	1080
1191	1909
1079	1082
1079	1081
1196	1081
1196	1082
1196	1909
1196	655
1196	1080
656	1081
998	1081
998	1909
998	655
998	1080
403	1260
1260	420
1261	303
1208	1262
1245	1569
1262	1264
1263	1264
1212	1264
1264	2028
1265	1264
170	1264
663	857
663	863
719	663
663	774
681	663
663	502
663	472
147	147
249	2029
1017	2030
1266	157
1267	1616
1266	1579
1266	203
157	203
203	1636
315	1268
1268	1935
1269	1648
1269	1539
1244	2031
1270	1443
1271	1271
1272	1697
1273	1306
1127	1125
1127	1681
1274	1278
1275	1275
5	5
1202	1374
1276	1279
1277	1312
1223	1277
1278	1312
706	702
590	591
1279	1544
1279	1376
1280	1381
44	2032
1281	1281
224	1774
1282	1282
1283	1105
1284	713
1176	1511
1176	1481
1285	1176
1176	1445
972	1176
1176	2033
1176	1895
964	1176
333	1333
1286	333
473	749
1287	1287
1288	543
542	474
542	553
474	553
1289	1317
582	1185
1152	818
1221	708
475	766
108	108
1290	108
839	913
828	815
1222	1278
1222	1105
1222	711
1222	699
1222	1146
1222	150
1222	700
1107	1105
1107	699
1107	1146
1107	150
1104	711
1104	150
1291	476
1292	2034
1192	148
148	2035
1293	2036
691	477
990	762
1058	1953
1294	1116
1140	1102
1295	829
766	478
826	829
168	1543
1296	206
1297	1450
760	901
274	149
967	956
831	967
1024	816
1298	1838
1298	1155
1298	780
1298	1061
1061	198
1020	1627
174	1931
174	1932
174	8
1061	2037
1061	1020
1061	212
1061	999
1061	2038
1061	1303
1061	620
1299	1504
1300	1518
1301	1300
1300	641
609	641
1302	1166
967	1523
1303	1523
1304	232
1305	1460
743	1097
574	2039
561	1113
1306	2040
1249	1530
1307	650
791	2041
1308	1713
1309	2042
1310	2043
1311	180
1312	150
150	2044
1313	2045
1313	1548
1313	1742
1313	1817
827	1000
821	968
1314	1551
1315	1060
85	438
1125	983
1125	735
1125	1916
1125	1058
1125	2046
1125	2047
1125	2048
1125	2049
1125	2050
1099	796
1316	1930
1317	633
700	796
888	2051
888	1360
740	2051
740	1605
740	2052
1219	1319
1318	2053
818	2054
1209	1561
519	762
1001	1001
1214	1271
1214	1554
1214	1302
1214	2055
1214	151
1214	1025
1214	2056
995	591
814	1175
814	536
814	970
536	675
497	1321
429	1321
1319	1321
1320	1321
1223	1321
1321	1379
205	1321
1321	819
1322	1471
1322	642
108	642
36	642
1290	642
1323	1323
1324	1692
43	31
43	20
1290	29
633	633
1325	1594
1326	2057
1327	1010
112	122
1328	138
1329	208
1330	1624
1331	2058
1332	1343
808	1812
1176	2059
708	1840
479	1002
1282	1498
1333	1498
1334	628
1335	1633
740	2060
1336	1336
1336	2
1159	2061
1337	1925
1338	1925
817	480
1339	1339
1340	1341
1341	1617
133	1384
1003	1378
1131	2062
1004	1004
1340	1617
1342	1342
1342	2063
1286	1342
1343	2064
1344	2065
1345	1345
152	152
1346	205
818	1545
152	1005
1347	1761
1348	1347
1006	492
1349	154
1302	2066
413	405
247	1959
247	153
814	1886
1350	1620
1351	1590
1008	2067
1007	1008
1352	2068
154	1806
1353	2069
1354	1796
1355	2070
1356	54
1357	1357
1140	190
190	576
36	205
1358	298
1125	2071
681	482
1359	155
1360	2072
1073	1085
1361	1361
1362	620
1360	1360
1363	2073
1353	2074
1009	219
1364	194
1364	2075
1335	2076
1365	1582
828	1537
156	1442
36	66
1366	1429
1367	1366
1366	1368
1368	1369
1369	22
819	1369
973	757
1370	2077
688	483
1371	1372
157	1636
1372	2078
1373	1373
1374	1370
1375	1374
688	57
688	20
31	20
1249	183
1376	2053
1010	1010
1317	1317
711	699
711	1146
1279	2053
640	2079
1377	1377
1378	1378
1379	1379
1302	1302
1318	1352
1343	1343
1380	1412
1344	492
1287	1590
1340	1368
1381	1381
158	158
334	1169
1382	335
1382	2080
1383	2081
1384	1383
1372	2082
1385	1408
1046	1408
1344	2083
21	21
1340	21
21	1428
1368	21
1386	2084
1011	1012
781	484
681	538
847	538
177	179
159	1013
1387	23
1317	485
1279	336
820	820
1014	1014
1388	1402
486	487
1389	623
1390	1390
1391	2085
186	878
1015	488
1328	1879
1392	623
644	2086
1212	2087
1393	1811
1393	1839
1387	1393
1340	1393
1394	1393
1172	1160
1395	2088
1396	1399
1397	2089
1398	337
1399	1468
1328	572
578	1870
1400	1400
1064	2090
821	1867
1247	1811
1401	1679
821	2091
55	55
55	2092
489	755
1402	2093
1403	400
1402	624
1279	2094
1404	1404
1404	2095
781	338
821	2096
1405	822
1406	160
160	339
490	2097
1321	2098
22	2099
1407	491
1408	397
993	993
1409	398
160	2100
207	823
1399	2101
1410	1656
1338	161
1411	2102
1073	2103
1412	2104
1413	162
492	572
1287	1626
1414	1414
1368	1434
1415	23
23	1393
23	23
1394	23
1416	1416
1417	2105
1418	2106
1305	1418
1419	1418
1418	1131
1418	163
1418	1016
1210	1418
1418	661
1418	164
1418	493
648	719
648	509
719	509
719	494
719	786
648	783
648	784
784	495
737	1113
1420	554
1203	554
1204	554
1239	1246
1239	1248
1239	1510
275	1263
275	1262
275	1033
275	2107
659	1017
688	659
687	659
659	519
659	683
659	541
659	679
659	1254
659	710
659	1913
659	799
165	288
165	2108
595	1255
995	1255
1236	1236
1236	496
1236	657
1256	24
1256	25
1079	1909
497	1079
1079	1123
1421	166
520	1421
1421	324
1422	1696
1422	1821
1422	26
1423	1422
1424	1725
1424	1528
1424	1562
1425	1424
1424	1715
1214	1424
1426	1426
1427	1426
1250	1426
1426	1527
1243	1642
1243	1531
1243	1463
1243	1464
1243	2109
1428	1428
1429	1428
1428	1660
1428	261
1428	260
1430	1642
1429	1660
1429	1662
1429	261
1429	260
498	787
498	559
1431	499
167	1520
1229	1270
1375	1930
1432	1942
1432	734
1432	1018
562	1453
981	562
562	173
1433	1369
1369	1393
1366	1598
1366	1662
1366	1393
1434	1435
1435	113
122	1435
112	1435
296	213
1436	316
316	1093
316	323
1090	1437
1437	1499
1437	1706
1438	1485
1439	1563
1440	266
1440	1440
1440	1457
1440	2110
1440	289
1375	1448
1375	2111
1202	1375
1375	2112
1375	1464
1375	1532
1375	277
1375	1747
1441	1918
1442	1441
886	1441
1443	1189
1046	1090
1090	1499
1090	1706
1127	983
1124	983
983	2046
983	1448
1430	1463
1430	1529
1430	1464
1430	1539
1430	1533
1430	1262
1033	1430
1444	314
1444	1702
1445	1444
1446	1425
1446	1715
1447	1765
1448	522
1448	676
1448	523
1448	524
1448	525
1448	727
1274	1459
1274	736
1449	1736
518	1494
598	650
598	1307
670	598
577	770
1450	577
886	1205
753	500
719	753
719	500
331	608
608	608
399	432
168	1452
1229	1189
982	715
683	715
1127	1532
1033	1532
1451	1532
1118	1532
1217	1834
1217	2113
1217	1757
1217	1550
1217	501
1217	1262
739	683
559	2114
1452	1467
1451	1348
1118	1348
1301	266
1301	1488
1158	1301
266	1937
1158	1937
1195	1093
981	1453
878	1453
846	1453
967	1453
831	1453
1453	838
1453	875
1453	601
1087	1453
1454	1453
1455	2115
1456	2116
1440	1456
1457	1456
1240	1456
1458	1629
1459	1676
1459	736
1459	717
1305	1177
1460	1177
1278	1128
1461	2117
501	1496
719	501
1445	1562
1248	1562
1462	1445
1463	1464
1464	2118
1436	1464
1265	1464
1465	1466
1466	1474
1465	1467
1467	1474
502	503
224	847
224	2119
224	1646
690	684
504	684
684	505
990	684
1468	684
762	684
1469	684
506	684
709	684
684	596
985	684
688	684
687	684
689	684
519	684
1470	684
719	684
1322	684
1471	684
1230	1487
1230	2120
577	2121
1194	1194
1261	1657
1261	2122
1261	1544
1261	1658
1472	2051
1465	2123
1465	1474
1473	1465
1465	1282
1474	2123
1473	1474
1282	1474
1475	1874
1476	1476
266	1476
526	527
1176	1753
969	833
838	969
969	1040
1039	969
875	969
1477	1443
1478	807
1213	1664
1213	1896
1213	1479
1127	1916
1123	1916
981	2124
1214	981
981	1111
981	1088
981	520
981	1294
981	1665
981	956
981	845
981	1089
981	1523
981	601
695	695
553	507
801	765
1198	801
801	772
737	801
801	658
801	1053
801	1054
801	1194
1198	765
1198	772
737	1198
1198	1194
737	772
772	765
737	765
737	975
975	1654
975	694
1055	508
1055	271
1479	1055
1055	169
1348	169
1348	2125
1231	2125
1480	1480
1480	530
1185	294
1185	1112
1185	1155
1185	780
668	2126
1481	2126
1176	2126
1482	1556
1481	2127
1176	2127
1218	2127
1176	530
1070	1176
1176	2128
1176	1779
1248	1176
1337	1176
1195	1248
1093	1093
266	268
1368	266
266	267
1233	1556
1483	1483
170	1481
170	237
170	170
1233	170
170	1941
1265	1463
1265	2129
995	590
1479	1244
648	1072
1072	1086
1072	1193
784	1072
529	1072
782	1072
719	1072
509	1072
650	650
1296	1581
206	1581
824	1484
749	1484
1484	611
173	1484
833	1484
1484	876
878	1484
846	1484
967	1484
1484	2130
1252	681
1118	513
171	1112
1195	1112
46	46
46	2131
46	121
46	45
46	1514
1216	2132
648	1485
719	1485
1485	1644
1232	590
1232	591
1232	277
1231	277
277	1896
1175	511
510	511
512	512
340	453
513	669
595	595
595	540
595	534
595	1486
534	540
1486	540
598	540
598	534
736	514
736	899
515	736
736	736
736	730
514	730
899	730
515	730
730	730
515	2133
515	2134
1058	1597
1058	734
1127	1058
734	1018
734	1019
385	374
374	374
888	517
1299	2135
1348	2135
1487	1427
1427	2120
667	726
667	1923
667	1489
667	516
667	671
726	671
982	1848
575	575
575	1719
575	1718
1488	267
403	420
1489	2136
1489	516
1489	1490
1489	1855
644	1489
646	1489
1489	621
1489	643
569	1489
1490	1855
1491	2137
549	977
1089	1294
517	1294
826	1294
1294	876
1294	834
1294	878
1294	843
846	1294
845	1294
830	1294
1294	940
341	342
1492	1492
1479	1518
1487	1479
1479	2120
1479	1479
888	1362
982	1362
56	91
657	2138
643	1493
1493	1493
642	1493
1112	1112
1112	1171
1277	1112
1494	1112
1495	1112
1112	172
1496	1112
1219	1112
518	1112
1497	2139
688	1251
687	1251
519	1251
1251	683
826	611
826	956
831	826
826	967
826	843
826	825
826	842
826	1523
1494	530
1494	544
1494	2119
1498	1494
1405	1494
1499	1706
831	956
520	956
956	173
830	956
956	1523
956	994
956	1066
749	173
878	173
846	173
845	173
1214	173
886	1500
886	677
677	1501
1500	677
1501	2140
846	294
846	2141
846	1665
846	206
846	1496
846	832
846	830
846	1066
846	1523
749	2141
845	2141
526	2141
527	2141
1237	400
1237	423
1237	385
1502	1665
875	1040
875	1665
875	1496
830	875
1066	875
1240	1314
838	909
294	838
838	1665
876	909
1214	838
1214	909
967	294
967	1088
967	1665
877	830
830	832
1214	2124
1454	601
982	1913
1196	521
1503	521
521	521
982	1252
1252	679
1252	541
982	739
522	676
522	523
522	524
522	525
522	727
522	2142
1504	522
676	523
676	524
676	525
676	727
523	524
523	525
523	727
524	525
524	727
525	727
86	1505
86	47
86	1506
86	2143
86	93
103	86
1505	47
1505	1506
1505	2143
1505	93
103	1505
47	1506
47	2143
47	93
103	47
1506	2143
1506	93
103	1506
103	93
704	1863
688	1252
1507	2144
1487	1250
1487	1244
1487	2145
37	1189
1189	2146
1298	1189
1155	1189
780	1189
1299	1189
1189	629
1445	2147
1248	1445
757	770
1450	770
770	722
770	721
770	724
770	723
973	770
982	526
647	526
982	527
647	527
740	2020
774	1711
774	798
1479	271
271	1714
1298	1298
18	10
10	11
10	1509
174	10
18	11
18	1509
174	18
11	1509
174	11
1508	2148
1508	9
1509	2148
174	1509
1509	0
1089	1044
647	1089
1348	2149
1487	1348
1510	1510
1511	1512
1512	2150
1125	1123
707	528
707	745
627	2151
670	1158
670	1021
670	175
670	2152
670	2153
670	2154
1513	34
57	2155
1514	2155
57	1514
225	1515
1515	2156
1516	1661
1368	239
1517	2157
1518	1488
1519	1704
1463	2109
1520	176
827	968
982	968
1521	1548
719	2158
719	857
719	863
719	1471
179	181
180	181
182	2159
648	529
648	782
529	784
529	782
529	719
207	327
330	1067
1522	1299
1522	183
1522	669
532	779
1176	797
530	530
599	565
599	1873
717	531
777	2151
743	2151
1113	1631
532	532
532	645
532	624
574	574
569	643
644	621
646	621
1523	833
1523	876
1523	878
829	1523
1524	1709
1525	1524
1228	1455
1218	2160
1128	1129
1526	586
1526	2161
1526	588
671	1526
671	1777
671	1595
671	1576
671	1678
671	1659
754	1120
754	754
588	754
754	2162
754	1762
588	533
1237	1237
400	423
343	423
432	408
408	461
400	461
400	432
331	1105
1105	699
701	1105
1105	2163
1105	1527
1222	331
1222	563
1107	331
1105	1106
1222	1106
331	1106
1104	1106
1527	1106
1107	1312
331	711
1107	711
1105	711
711	700
711	1106
711	563
331	699
1104	699
699	1106
699	1146
331	1146
1146	1106
1146	563
1146	1609
1104	563
1104	1609
331	1277
1223	1223
1424	2164
1528	2164
1425	2164
719	1520
1239	1529
1239	215
1240	1569
1243	2165
1243	1597
1243	2166
1243	2167
1529	272
1530	1561
1439	1530
1209	1530
1504	1642
1531	1529
1531	1598
1531	2168
1531	2169
1532	2170
1247	2171
1533	2171
1439	1561
1439	1439
1439	1373
1463	1553
1463	1597
1463	2172
1463	1133
1375	1436
1375	1020
1375	212
1375	1021
1534	2173
1535	1420
1204	1203
1439	1529
1529	833
1536	2174
1537	2174
1538	2175
216	1538
1530	1539
1439	1539
1539	1529
1539	2176
1539	1533
1233	1539
1539	828
1539	2177
1539	1504
1439	1533
1529	1533
1233	1533
828	1533
1533	2177
1504	1533
1314	1540
1540	2178
1540	1907
1541	1540
216	1632
1232	534
1314	1425
1425	887
1425	27
1305	1414
1305	642
1305	2179
1511	1542
1542	1529
1487	2180
1241	1240
1163	1098
1165	1098
1151	1166
1148	1151
1151	2181
1151	1170
1543	1151
1151	2182
1164	1163
1163	1165
1163	2183
1164	2121
1164	1096
1544	1165
877	1165
1498	1165
1165	1712
1165	2184
1545	1157
831	1156
1096	1156
1543	1168
547	1154
547	2185
1169	1096
1325	1096
621	535
1097	1126
620	717
1546	1529
1546	1533
1522	1546
813	971
813	536
813	813
1138	1138
1097	1547
1543	1547
1547	2186
1310	2187
1051	1548
1548	2188
1548	1742
1530	2109
1314	184
1314	1314
1314	1596
1314	1377
1314	2189
1314	1716
1314	1365
1314	216
1170	2183
220	220
608	868
777	868
868	2190
1549	2188
1248	185
1248	2191
1248	2192
1510	1529
1510	216
1510	215
1510	1541
1550	1551
1550	1314
1227	1551
1314	1227
1551	2193
1314	2193
1552	1551
1314	1552
1551	2194
1314	186
1551	1066
1314	322
1314	1075
1314	2195
1314	1523
1314	2141
1314	839
1314	344
1314	617
1314	1423
1314	2196
1314	2197
1314	1688
1314	187
1553	2198
1319	2198
206	2198
1070	2198
1393	2198
216	2198
1022	2198
1240	2199
203	2200
1314	537
1314	1877
1314	2201
1314	107
1314	989
1551	216
1425	1551
216	1597
1551	1716
1551	217
1314	217
1554	1321
1504	1529
1504	2202
1504	2203
1555	1504
1504	2177
1504	1504
1507	1453
1453	2204
1453	2205
1453	107
1453	1056
1453	2166
1453	2206
1453	613
1453	1722
1453	2207
1453	1762
732	1453
1023	1453
1453	1866
1453	2208
1453	2209
1453	263
1453	2210
1453	188
1453	1939
1277	1453
881	881
881	1095
881	48
1556	2211
1557	1557
1557	1095
1538	1538
1558	1558
1558	189
1558	1024
1559	1559
1500	1095
1560	2212
881	2213
881	556
1095	556
556	556
556	1117
1561	1940
48	1117
1562	1719
1216	1560
1482	1560
1563	1564
1564	1694
1269	1564
1504	2142
346	351
346	345
346	352
352	352
346	1922
346	2214
346	347
346	348
346	1567
346	1566
1565	346
346	388
346	460
346	350
346	422
346	2215
346	401
349	346
352	2214
352	347
352	348
352	1567
352	1566
1565	352
352	388
352	460
352	350
352	422
352	2215
352	401
349	352
352	1922
1566	422
1567	422
350	422
422	2215
1567	2215
1566	2215
350	2215
351	352
1567	1566
1565	1566
814	773
190	773
1319	1319
878	1744
1568	1786
847	2216
1316	379
1300	1060
1060	1684
1268	2217
1438	1644
1569	2218
1231	591
1231	2219
1231	590
380	379
1368	1661
234	1865
1570	191
1152	1312
1571	1894
1307	2220
1368	1179
773	1179
1572	1572
1573	1967
1110	1332
1110	1343
1024	192
1202	1537
1425	2221
3	1
1574	2222
1133	630
1575	1593
1576	1678
219	2113
1327	1327
1577	2223
599	1585
620	619
1214	1927
1214	2224
1214	193
1578	2225
194	2075
1307	2076
955	879
261	1901
36	1912
454	389
831	1581
1138	814
248	241
1579	1414
829	829
698	936
1580	1389
1151	876
876	1096
1581	876
876	1156
1087	876
833	876
1582	876
830	876
1025	876
1583	876
1584	876
876	1026
598	876
1508	876
876	2226
876	197
1504	1447
680	538
1271	1321
1321	1588
108	1321
1321	1361
1321	1400
1321	2227
1585	2228
205	1884
205	205
1083	2229
1484	2230
2	2
1473	195
1473	1282
1473	2123
1311	196
3	18
1384	878
1384	1663
1586	872
1587	2165
1588	1588
1513	2231
1589	993
543	572
1060	1672
1590	2232
1591	1591
1592	2233
1593	1027
1594	1594
1595	1659
708	1155
1596	2063
1597	1632
1374	2112
1297	1836
8	1812
833	197
1087	197
1266	205
1266	1414
1598	2234
1599	2235
1600	1600
901	293
198	1485
878	940
1601	1601
1602	1427
1603	1602
1602	1134
1602	227
1602	2236
1602	931
1602	2237
331	1278
1223	1278
896	992
1604	1342
1586	900
1605	116
1263	2238
58	1925
1606	539
539	2239
539	1612
618	957
1607	59
642	1400
1125	1363
1294	833
199	2240
1608	2241
1609	703
206	2242
1584	319
1610	2243
1611	2244
687	540
595	687
687	762
1612	2245
808	1613
1534	1613
1278	1613
1613	450
200	1613
1540	1613
1613	2246
201	1613
1614	2247
36	35
1615	2248
901	576
384	353
541	679
60	75
1616	755
1540	1883
1617	1393
1037	1594
542	205
1618	4
600	1885
1619	1520
1620	1620
1276	1376
967	1508
967	1583
967	1582
967	1307
967	1581
1621	2185
1622	2249
1453	833
1623	1798
1624	1377
1592	2002
1348	1724
1625	1610
261	2250
1442	2251
1439	2252
1626	1651
1626	1156
1058	1884
1627	212
1028	236
1628	1628
1629	1734
261	260
1615	2253
1194	543
870	1114
870	544
870	870
870	1504
627	1504
707	1504
1630	2254
1630	1630
690	647
647	732
690	2255
1521	1547
1547	1819
1631	1819
1521	1631
1631	2229
1262	1321
1321	2256
1458	2256
1632	1694
1632	1632
1033	1632
1633	1564
1634	1633
1561	1633
1439	1633
1335	941
1335	2257
1335	232
1335	1563
707	2142
545	546
1375	1529
1635	547
1635	988
1635	977
928	977
928	988
1635	928
637	977
1635	202
548	1635
548	752
549	600
1138	970
1138	1175
1175	1175
1138	675
970	675
1175	675
1267	116
1616	205
1616	2258
1636	1029
1029	1657
1636	1428
203	203
1243	1430
729	550
1431	550
1033	1727
1637	555
5	368
1550	1184
1534	1084
1127	1123
1123	983
1250	1578
1638	1578
754	551
275	2259
1202	1335
669	1184
1550	669
657	1030
1219	977
1219	1666
690	1548
690	553
690	1589
690	679
103	1299
1299	93
1299	2143
1299	86
1097	1031
1522	1845
1522	2260
1639	1522
1522	1641
1640	1641
1641	1946
1530	2261
1611	2249
1249	2249
1217	2262
1217	292
1217	2128
1217	2263
1217	50
1217	972
1217	355
1217	51
1217	2224
1217	2137
1217	2264
1217	1308
1217	2265
1217	552
1217	1315
1217	204
1217	2266
1217	1323
1217	1148
1217	109
1242	1217
1217	784
1217	2267
1217	2268
1217	792
1217	2269
1217	2270
1217	2271
1217	2272
1217	2259
1217	6
1217	2273
1217	553
1217	2274
1373	2274
1302	1373
1302	2274
1217	2275
686	1032
1239	216
205	2261
272	320
1504	272
1033	1642
1642	2169
1033	1531
1561	632
1033	1463
1420	1611
1539	1539
1539	320
1533	320
1492	2276
1492	2277
206	2261
1248	1314
1314	1510
1314	215
1314	2192
1314	1541
1248	1377
1643	320
1504	1643
1504	320
1235	1176
1097	646
1097	642
569	1097
777	554
569	2278
1644	643
569	2279
1645	2280
1460	1460
1214	807
1478	1646
1646	807
1647	572
1647	555
1647	1637
1647	2281
1647	1288
1127	1124
1648	1097
1097	1097
1648	1126
1176	2282
1218	2033
1218	1831
1250	213
982	1521
1534	664
1534	1534
1401	2283
1528	2283
1425	2283
1615	2126
571	1055
657	571
1194	571
1188	2284
1649	1651
1650	2285
1650	1649
1649	2285
1651	2285
1650	1651
1061	1034
1061	1412
1061	2118
1061	2286
1061	1438
1652	2287
1260	2288
409	2288
1653	2289
774	1654
1654	798
694	798
774	694
1655	104
1656	104
104	102
1657	2290
1657	2291
1658	2291
423	410
1659	1770
1595	1770
1660	1982
1660	1655
1660	1662
1660	2131
261	2131
260	2131
861	860
881	861
556	861
557	861
557	860
881	860
556	860
557	558
31	28
31	29
1387	1661
1661	1685
1513	1661
1387	1434
1434	1513
1387	2292
1662	1513
1513	30
122	1434
1663	65
261	1663
260	1663
722	810
723	810
770	810
757	810
973	810
1155	810
838	1827
838	939
878	838
838	1144
838	626
876	844
1294	838
838	834
838	1088
838	866
845	838
838	1484
838	940
1502	838
838	922
1189	838
582	838
838	1901
261	838
838	327
213	838
831	1294
831	834
831	1088
831	1523
831	1035
831	866
831	845
831	1484
831	939
831	878
831	940
831	1664
831	1189
831	1214
967	1294
967	834
967	1066
967	1093
967	866
845	967
967	939
967	878
967	940
967	1664
967	1189
1214	967
967	1035
833	843
833	834
833	1088
833	581
1066	833
833	866
559	833
845	833
294	833
833	1095
833	939
878	833
833	940
833	922
1664	833
1185	833
1189	833
833	1144
833	1108
1214	833
833	832
833	1035
876	834
1088	876
1453	876
876	835
1066	876
1093	876
876	2141
876	1035
1665	876
294	876
845	876
876	939
876	940
1664	876
1185	876
1189	876
560	876
1214	876
261	876
1088	844
845	844
258	844
1484	844
323	844
1189	844
1214	844
845	258
845	1484
845	323
845	1189
846	258
846	323
846	1189
1666	2196
1667	1666
1587	1666
982	647
1312	1105
1312	1106
1312	711
1312	699
1312	1146
207	1668
1668	2293
1126	110
1126	1668
1126	2293
110	1668
1669	2294
1669	1036
1036	1036
561	1036
561	561
561	1669
562	601
1634	1564
1561	1564
1439	1564
1634	1439
1634	1561
1670	116
116	2295
977	1106
1635	1106
313	1106
701	1106
1106	987
1106	703
1106	1609
563	1106
712	1106
1107	1106
1104	977
1635	1104
701	1104
1104	702
1104	988
1104	987
1104	703
1104	1146
1100	1104
313	331
1105	1146
1434	1661
962	919
1430	1593
61	62
60	61
1662	61
1662	62
1428	1513
1671	1937
873	900
873	2296
962	836
836	919
1672	304
304	1780
304	920
358	356
358	357
358	402
1673	1674
208	1673
1329	1673
208	1674
1673	2297
1674	2297
208	2297
1329	2297
208	208
1237	266
1671	266
839	837
962	837
588	622
588	2162
588	869
588	564
869	564
209	318
209	209
730	2133
899	2133
1675	1707
598	1707
432	461
1676	860
717	606
1198	606
1677	565
566	567
1114	1114
687	690
568	2298
1678	568
1399	568
1595	568
1576	568
1659	568
1239	1424
1424	1834
1401	1424
1679	1424
275	1239
260	65
261	65
642	570
569	570
1524	1680
1680	2299
571	571
1458	1129
1128	1458
572	572
1288	572
275	116
1681	2300
1682	2300
574	2300
1683	2300
1491	2300
575	2300
652	2301
982	2302
359	360
270	1037
270	329
270	2303
270	1172
885	1056
576	902
1684	1162
1629	2304
420	404
1260	404
421	404
403	421
403	404
1685	2011
1686	1517
1516	1517
1516	2011
1516	1662
1686	1687
1687	2011
1368	1687
1492	2305
1317	2121
1317	577
273	1038
1688	1038
1688	1688
1516	2198
1434	33
113	111
1636	113
122	113
1636	122
51	99
1387	1685
1387	1880
1434	1685
1689	1690
1690	2306
1689	2306
1039	838
1039	1040
1652	578
578	1691
1691	579
275	1691
765	1691
1652	765
765	579
275	765
1652	1691
580	1691
1652	580
1558	1759
1692	581
1692	2307
901	901
901	902
582	294
1328	63
1328	135
135	63
122	1862
122	1861
122	1661
1435	1661
112	1434
1434	113
1265	210
1265	211
1693	1693
1435	1513
729	1694
1694	1115
583	685
1158	584
719	985
1695	2308
31	32
716	1507
1507	585
1507	1918
586	2161
405	405
1279	839
1279	1096
361	1279
1279	1819
1279	1803
1279	1041
1279	2309
1279	1797
1279	1791
36	1279
1279	2310
1126	2311
1696	2312
112	113
362	2313
881	630
1095	630
1314	2038
1697	2314
1272	2314
1272	587
1272	588
1524	589
1254	1913
799	1254
1254	2287
982	1254
962	921
590	1532
591	1532
1524	2299
1261	2299
1510	2299
1656	1655
113	1661
1251	840
918	840
918	851
592	593
1472	1700
1472	1472
1472	594
594	594
595	2315
1202	729
1202	1115
1114	841
870	841
954	841
1655	1663
1384	1655
260	1655
261	1655
1656	1663
1384	1656
1656	261
1656	260
1412	1700
1129	1699
1129	1698
1090	1699
1458	1699
1698	1698
1698	2316
1128	2316
1129	2316
1046	2316
1699	2316
1458	1700
1090	1700
1046	1700
1700	1699
1129	1700
1700	2316
687	1700
1090	1412
1046	1412
1412	1129
1090	2316
888	1700
888	1412
888	985
1701	2316
1412	1701
985	1701
596	1701
1702	2317
1703	2318
1704	1703
1402	1703
1703	2319
1705	1703
1043	1703
743	1703
597	1703
681	678
799	681
681	1620
681	598
681	230
681	2320
681	1067
681	2149
681	1186
599	681
681	1181
752	681
681	1838
681	600
663	678
1090	1128
1128	1499
1090	1129
1046	1129
1128	1437
1437	1129
1046	1437
1046	1706
1706	1129
883	805
883	841
805	841
1071	1128
982	1046
982	1706
1252	1706
715	1706
842	843
690	690
1707	1903
872	1707
633	1708
1708	1708
687	689
689	1700
689	1412
1709	2299
1525	2299
1710	2299
1524	1710
1525	1710
1452	1710
1452	2299
1543	2299
1543	1710
888	2321
888	2138
1044	1045
212	1045
1061	1044
1061	1045
1214	1484
1502	1484
981	844
601	844
845	601
846	601
1547	2322
1313	2188
1521	1313
1521	1543
1310	1882
1711	1310
1313	1818
1543	1818
1712	1818
114	1818
1713	1309
1166	693
1156	1168
1169	1163
1165	1825
877	1157
1157	602
1157	2322
1522	2323
275	213
774	975
363	417
1425	1187
1425	1425
1425	2324
977	2325
977	2326
977	2309
977	1666
977	991
603	214
744	649
605	744
604	744
605	649
1239	1767
1624	1142
1714	1758
1239	2327
1239	2328
1715	2329
1642	2330
1425	1626
1626	2283
439	1626
1250	2283
1715	1715
1314	1715
1715	2331
1715	1426
1299	1714
439	280
1377	280
1425	280
1624	1715
1624	2192
1541	1716
216	1541
215	1541
1541	2192
1541	41
216	1187
1299	1187
1716	1187
1717	1187
217	1187
1126	1187
1167	1187
1568	1309
1310	1868
1713	1310
1310	1818
1308	1310
1713	1818
1308	1818
1718	1188
1719	1718
1094	696
697	1094
697	696
606	696
606	1094
606	697
1654	606
66	35
1720	1720
1720	1520
1450	1836
1126	1836
1502	938
1248	1767
1445	1767
986	607
75	1785
1129	2167
1721	1129
1090	1721
1721	1499
1721	2167
1721	1706
1721	1437
1128	1721
1046	1721
1090	2167
1499	2167
1721	1458
1721	2316
1437	2167
1706	2167
1722	1724
1723	1724
1724	1690
1724	2306
1689	1724
1387	2306
1239	2164
1239	1612
1194	1239
1239	1541
1571	2235
1725	1528
1401	1528
1528	1834
1250	1424
1424	2133
1424	2134
1424	2332
1424	1823
1424	2141
1548	1424
1424	618
776	310
951	310
1726	310
218	2333
1727	1047
249	1728
1245	1728
1728	251
1728	2334
801	1728
847	1728
758	1728
1729	1728
1222	1728
1728	381
1728	368
1728	364
1242	1728
1728	307
1154	1728
1728	2335
1728	1048
1728	906
1728	2336
1049	1728
459	1728
1730	1728
1731	1728
772	1728
1732	1728
1728	2337
1495	1728
922	1728
1728	935
852	1728
1728	776
1728	848
1733	1728
1728	365
1728	366
1371	1728
1728	1144
1728	974
1728	386
1728	874
1346	1728
1728	2338
1050	2339
1050	2340
388	1699
265	1699
1699	281
288	1699
1699	279
264	1699
951	872
1424	1734
1734	383
1735	1734
1051	1734
124	1734
219	1734
938	1734
265	1651
1634	1421
1634	2252
1561	1547
1477	1561
1561	608
1561	1799
1439	229
1439	1328
1439	324
1439	1406
1736	2256
729	265
729	281
729	288
729	1427
729	264
1375	1547
1375	264
220	1564
1564	2341
1564	2252
1430	249
1676	1484
1676	852
1214	1676
1127	2342
1127	2049
1447	265
1447	281
288	1447
1447	279
1447	264
1737	1447
1274	1339
1274	1660
1274	2343
1274	267
1274	800
1274	1126
1738	383
265	1115
1115	281
1375	1115
1534	1823
1535	1070
1535	925
1535	1171
1535	904
1535	923
1535	801
1535	1198
1535	772
1535	758
1535	1741
1535	935
1535	921
1535	1733
1535	610
1535	1229
1535	974
1535	439
1535	930
1535	692
1374	2174
1374	2118
1217	251
1217	1827
1217	1052
1217	1729
1217	1858
1217	2283
1217	1339
1217	1373
1217	2344
1217	1122
1217	1361
609	1739
1739	388
1739	1983
124	1739
1739	1785
1423	1739
1739	1787
1739	2343
1739	1788
1301	221
801	756
1740	756
1741	756
610	756
304	756
1456	1458
1458	2345
1458	1743
1313	1458
1742	1458
1458	2343
1736	1458
247	1458
1064	1744
1743	1744
1744	454
1629	1744
284	915
915	2256
915	2346
1242	915
915	1787
308	915
1125	2347
1214	652
1535	2301
381	2301
1214	2301
1433	1366
1443	628
628	251
628	245
1745	628
1746	2340
319	1746
1736	2348
1086	1193
1193	2349
904	1829
904	279
904	1114
1064	904
904	2350
904	923
904	1612
904	2351
904	849
904	2352
922	904
904	776
904	1824
1747	904
904	222
904	966
904	367
904	1137
904	223
904	974
904	2353
324	904
904	965
904	907
904	908
904	903
904	858
904	2354
1748	904
904	958
904	115
904	905
904	2355
964	904
904	2356
904	874
904	906
904	1887
1749	224
1464	1756
224	611
224	312
1623	308
1743	1750
618	1750
1750	2357
1751	1752
1752	693
1465	2358
1282	2123
1282	2358
1282	2359
1282	247
658	799
658	679
225	1479
225	1778
225	2234
225	2360
225	2098
225	1724
225	123
1176	722
1748	1176
1176	1743
1176	2248
1615	1176
1176	1558
1176	368
1176	854
1176	2361
1176	226
1176	908
1753	2362
1754	1928
324	1928
981	749
981	1774
1755	2363
1053	1054
1055	227
1756	649
612	628
1152	284
1152	1804
1152	1277
1152	1827
1152	1064
1152	894
1152	1743
1152	801
1152	1612
1152	1729
1152	228
1152	1242
1152	1768
1152	369
1152	1780
1152	261
1152	2250
1152	1722
1152	1174
1152	1223
1152	974
1152	1178
1152	319
1152	1420
1152	1176
1123	1825
1221	1837
772	790
772	869
772	896
265	2236
264	2236
1215	1523
767	768
981	294
294	775
294	1548
1757	1758
1758	2364
244	1758
1093	1758
1558	1758
1759	1758
1128	1758
1122	1758
1760	2365
284	1761
1761	1736
265	897
897	281
897	279
1654	897
897	1741
954	897
951	897
930	897
897	947
287	613
1426	613
1757	613
850	613
1762	613
1737	613
1763	613
1232	614
1232	272
1232	265
1232	1804
1232	923
1232	2366
1232	370
1232	1335
1232	1802
1232	229
1232	883
1232	618
1232	728
1232	1126
1232	324
1232	1799
1232	247
1232	230
1425	33
1425	1547
1056	2367
1222	1107
904	963
1137	963
874	963
1333	1707
231	2368
990	2072
1235	1495
1235	1547
615	643
1058	1057
1058	938
1058	307
1058	1126
371	2343
950	371
1427	1424
1427	389
1427	378
1427	124
1427	2249
1427	1547
1427	618
1427	247
1231	2369
1348	2369
617	663
801	617
617	2370
617	616
617	935
617	692
1764	1703
850	852
852	924
851	852
852	450
921	852
1229	852
1059	958
962	958
893	958
974	958
124	372
940	866
940	939
867	939
331	1508
271	1705
232	271
1304	271
265	810
288	810
810	279
264	810
1061	325
1415	1126
1201	1584
1612	2371
319	2371
1684	1765
1765	1162
1765	618
1737	1765
1149	265
1149	281
1149	2372
264	1149
1149	619
620	1149
1766	2362
1151	1098
1164	1098
1166	1098
1098	1167
1098	1157
1098	1156
1098	1168
1148	1098
1169	1098
1098	1170
1098	233
1594	1767
1767	383
813	675
1424	1609
288	1179
1179	279
248	1179
702	1189
702	987
702	1609
1739	1865
1563	1768
234	1768
1768	326
1733	265
1733	281
288	1733
1733	279
264	1733
944	889
944	2373
944	896
1769	621
621	1881
646	622
777	646
801	777
777	758
777	764
777	1745
1576	1770
1770	281
264	1770
1771	383
1771	379
1745	1771
1771	2374
265	1772
1772	279
628	1772
264	1772
643	440
643	388
1736	643
643	236
1313	643
1719	2322
628	1719
1719	2343
717	775
717	292
234	717
717	930
717	1827
717	1484
1773	717
1214	717
1451	717
717	2375
628	717
1774	623
373	623
1242	623
623	124
623	236
623	2343
245	623
1369	623
1313	623
1113	1122
1775	1457
1231	1776
1776	454
1776	1713
888	1776
740	1776
779	1820
1634	645
624	236
1595	1576
1595	1678
1595	116
1214	1595
1576	1659
1678	984
1777	1678
1522	284
1522	1810
1522	2376
1778	2261
1307	1440
1307	1563
1307	2274
1335	1307
1307	237
1307	2377
1570	1307
1061	1067
749	327
262	1190
262	1818
262	2378
805	853
791	790
791	805
788	790
788	805
788	625
788	782
788	2379
788	787
788	976
788	793
1309	1310
1310	1819
1311	1612
1313	1424
1301	1313
1313	1729
1313	454
1313	52
1313	1547
1568	1313
1310	1313
1313	1786
1713	1313
1313	1819
1313	1820
1313	267
1313	2084
1313	802
919	952
1520	2366
1520	1802
628	1520
374	1551
1314	1443
1314	384
1314	2359
1314	626
1314	1802
1314	1151
1314	1959
1314	1126
1779	2380
1060	920
1420	1780
1780	2332
1060	1780
1061	2226
1781	2343
1782	2343
238	2343
265	2343
279	2343
380	2343
1783	2343
1278	2343
1735	2343
389	2343
375	2343
376	2343
1784	2343
377	2343
409	2343
124	2343
1151	2343
1785	2343
961	2343
1786	2343
1313	2343
239	2343
1423	2343
1787	2343
1788	2343
267	2343
264	2343
1709	2343
1789	2343
1790	2343
64	2343
1791	2343
1792	2343
1062	2343
1793	2343
1794	2343
1538	1663
1795	867
117	867
878	867
940	867
1384	867
1796	1888
1797	240
912	240
1153	240
1477	240
1798	240
1373	1858
285	2252
1799	2252
708	1736
708	1839
708	929
708	2381
1800	2051
627	1736
707	1063
707	1214
285	304
388	304
304	279
1801	304
241	304
1548	304
1304	1593
1737	1593
118	1125
1348	1424
1348	1426
1301	1348
1348	1064
1281	1348
1348	1735
1348	389
1348	292
1348	1442
1348	1758
1348	52
1348	378
1242	1348
1348	242
1348	2382
1348	379
1348	1868
1348	1313
1348	938
1348	1316
1348	308
1348	245
1348	1792
1348	243
1316	380
1316	961
1316	1735
1164	1316
1316	267
628	653
888	1422
888	244
888	124
888	1872
888	1126
740	305
1219	2383
1219	923
1219	381
1219	854
1219	304
1219	1214
950	265
950	281
950	288
950	279
950	855
950	264
1523	1418
1424	1065
388	1065
1301	1065
389	1065
1802	1065
1684	1065
1765	1065
124	1065
1713	1065
1803	1065
245	1065
1799	1065
1214	936
273	2322
1265	1424
1265	265
1265	281
1265	288
1265	279
1265	264
1265	245
1265	1799
1466	2123
1282	1466
1202	1597
1597	1739
1558	1597
1597	2384
793	1116
799	1116
1066	629
1252	265
1252	281
1252	288
1252	988
1252	264
1252	246
1252	247
1321	1899
1321	1797
1321	382
1804	1321
1321	923
1321	1339
1321	1660
1321	308
1805	1321
1745	1321
1477	308
740	2385
1806	2385
1807	1067
1807	264
1201	1301
1201	1743
1201	248
1201	2343
1201	1799
1201	1828
1201	123
630	2340
1194	1797
1194	383
1808	1669
1122	1669
53	1122
1158	1068
670	1068
1479	1778
1809	1778
265	1810
1810	281
1810	279
264	1810
1320	1810
1320	279
1071	1719
1811	1130
1812	1547
1812	1888
1812	868
1812	2357
1136	631
1334	440
1334	249
1334	1191
1070	1334
1334	284
1334	1804
1334	1281
1334	1729
1334	250
1334	2386
1334	2387
1334	1069
1334	1765
1334	1339
1334	278
1334	744
1334	1824
1334	2105
1334	318
1334	1412
1334	2355
1334	2388
1334	308
1334	1737
1201	1334
1334	1122
1334	2389
1334	2390
1334	2391
1334	16
1334	2227
1334	1745
1334	1809
1813	1130
449	2392
1443	2393
1814	2393
1174	935
1174	1842
1815	1610
1816	749
916	758
916	908
133	279
133	867
133	2355
133	1799
869	326
1131	2364
1131	2394
1125	2395
948	450
280	321
451	321
1817	2396
1547	2396
1786	2396
1818	2396
1819	2396
1820	2396
1548	2396
1742	2396
957	2396
1132	2339
1821	2397
874	925
923	874
1137	874
974	874
874	927
874	908
958	906
1822	2398
1346	758
1133	2340
890	933
944	890
890	889
930	890
890	947
896	890
890	929
1127	2399
1125	2399
813	1886
891	2343
1823	2400
1824	2400
1508	745
980	388
980	281
1739	980
980	1735
980	389
980	1955
980	1098
1169	980
1309	980
980	2401
267	980
133	980
288	980
1278	980
896	933
896	2402
896	2383
896	282
896	452
1736	896
772	746
747	892
1825	892
283	2340
283	935
921	283
1127	2071
946	904
946	931
1805	946
1822	1363
1363	1820
1548	1363
1826	2357
1827	748
801	748
749	2403
1242	2403
1443	1134
124	1134
888	1134
1736	1134
1555	1134
1134	1814
284	2404
1335	2404
1242	2404
319	2404
1366	1515
1809	1598
1201	1809
1828	1809
1809	2098
1829	1724
1724	2405
1830	1724
327	1724
1831	1792
1832	908
285	288
296	2121
1833	2210
1268	2406
1599	1571
1679	1725
1679	1834
1679	2164
1725	1834
1725	2164
1834	2164
286	328
1521	287
288	1424
1424	2407
1401	2164
1135	750
1727	2408
1727	1750
1728	941
928	1728
698	911
698	763
698	912
698	1866
923	872
962	872
921	872
1229	872
1835	872
1475	1129
1836	1136
801	1447
1447	320
1137	925
1137	924
923	1137
1732	1137
1137	1851
941	1137
1137	927
928	1137
1137	908
804	1138
1138	751
1138	776
1138	1179
753	290
722	721
722	724
1155	722
722	809
722	723
721	810
721	724
721	809
721	723
1204	1837
1837	768
301	1837
1204	869
1204	930
675	773
675	971
814	675
1838	1155
251	957
708	251
774	251
1839	251
1840	251
1111	1139
1172	1139
1120	2298
754	2298
1576	2298
1678	2298
1659	2298
755	756
1841	756
857	865
865	864
863	865
865	1869
1140	1111
1111	2303
1111	1141
1102	1111
1111	1101
1111	1161
1111	884
1172	1111
1111	1945
1461	779
1836	1142
1510	1827
1085	1193
1193	1074
1237	291
894	932
1741	894
918	894
1174	894
930	894
1842	894
1843	2409
1844	1843
1656	102
1845	102
923	102
893	102
1691	1143
757	724
1155	757
757	809
757	723
134	2410
872	873
921	873
1476	1609
1476	929
1282	314
1282	1467
1739	1846
1423	1846
1846	1787
1846	2343
872	917
1176	917
923	917
935	917
810	917
951	917
317	917
806	917
883	801
1847	2411
1313	2412
1742	2412
1521	2412
708	856
758	768
1848	758
1335	758
790	758
883	758
976	758
793	758
758	902
390	292
776	292
1641	292
1849	292
1604	292
1850	292
759	767
1848	767
760	767
895	767
767	960
293	767
901	767
670	767
301	767
767	1092
303	768
294	1475
294	1088
1319	310
1319	312
1319	311
1835	2413
897	933
944	897
896	897
897	929
1732	974
928	1732
1694	1741
308	1741
1851	391
1495	1851
295	1851
1144	1851
1145	2414
1845	2414
1852	2414
1853	2414
1854	2414
303	2415
1105	1112
711	1609
1443	1146
1278	1146
706	1146
702	1146
1146	700
1146	988
297	1955
763	761
796	761
1219	761
761	1885
761	936
761	803
1192	2035
1797	898
904	898
1475	898
923	898
922	898
898	935
898	958
921	898
329	898
898	2353
959	898
898	908
453	767
1549	899
691	762
303	1848
1848	301
392	393
393	2335
394	395
1855	779
1856	1885
1856	936
1492	1858
1492	2274
1857	1496
1857	2416
1857	2344
275	2274
1475	2274
1858	2274
296	2274
763	912
637	763
763	638
1219	763
763	1885
763	936
763	803
1335	764
275	766
766	765
766	768
766	769
766	901
766	957
766	301
872	900
904	900
923	900
962	900
1609	900
900	929
907	900
768	979
769	979
1848	979
901	979
957	979
902	979
301	979
303	1703
958	1147
1748	958
921	903
921	910
921	924
921	904
921	923
922	921
921	935
921	958
921	905
921	951
921	934
921	974
921	874
921	906
921	947
921	802
921	907
921	1180
921	908
956	875
956	876
1384	86
86	867
1859	2417
1284	2417
713	2417
1155	770
770	809
1298	721
1535	1298
1298	723
1860	1861
1861	269
1862	1861
1199	1861
1861	42
724	810
806	810
1739	297
297	2343
978	771
1765	1098
1151	1765
1765	1163
1166	1765
1765	1167
1765	1157
1765	1156
1765	1168
1765	1096
1148	1765
1169	1765
1765	1170
298	1765
1149	299
641	266
1165	1156
1166	1156
1156	1167
1169	1156
1170	1156
909	300
772	1150
957	1150
1609	987
1863	987
1609	988
675	776
1179	776
701	776
804	773
773	776
813	1179
1100	977
1452	1524
1523	910
1151	1523
1166	1523
1523	1167
1523	1156
1523	1313
1523	1742
1523	1170
1523	692
972	724
724	809
724	811
724	723
973	724
1152	1865
1864	1865
1865	1174
1153	917
911	1153
1112	1153
1153	912
774	1153
936	1153
1866	1153
1748	1733
944	2418
913	944
914	944
944	872
944	915
944	933
944	932
944	1843
916	944
944	917
944	775
944	880
944	955
918	944
944	879
944	954
944	953
944	1167
944	1168
944	776
944	931
944	952
944	1170
944	951
950	944
944	1154
944	949
944	948
944	930
944	1726
944	947
944	2419
944	929
944	946
944	945
944	943
777	303
777	301
1097	1818
1097	1313
1521	1097
1097	778
1848	665
972	723
1423	1785
1785	1787
885	779
1595	984
1659	984
1777	1659
1678	1659
1155	780
781	805
788	781
789	805
782	784
785	784
783	784
785	786
789	2379
787	2379
793	2379
787	790
787	793
788	789
1535	1158
1158	989
923	942
1171	302
1817	1867
1867	1098
1867	1163
1166	1867
1867	1167
1867	1157
1867	1156
1867	1168
1169	1867
1308	1867
1309	1867
1868	1867
1713	1867
1867	1820
1548	1867
1521	1867
1867	1170
1308	1309
1308	1868
1308	1820
1521	1308
1309	1098
1166	1309
1309	1868
1309	1820
1309	1548
1309	1742
1521	1309
1310	1098
1310	1163
1164	1310
1166	1310
1310	1157
1568	1310
1310	1548
1310	1742
1521	1310
1310	1170
1868	1820
1868	1548
1868	1742
1521	1868
1166	1713
1713	1168
793	790
793	1259
791	793
793	792
793	976
1448	1819
1867	1819
1308	1819
1309	1819
1568	1819
1868	1819
1786	1819
1713	1819
1819	1818
1548	1819
1742	1819
1521	1819
1310	1159
1160	1111
1160	1161
1172	1161
857	1869
1869	864
863	1869
1737	1162
1870	1689
1163	1170
1164	1170
1165	1170
1166	1170
1170	1167
1170	1168
1169	1170
709	1170
1871	310
1535	1871
941	1851
941	974
928	941
1384	866
1384	940
1384	939
867	2343
1420	1663
1171	1663
1872	303
1872	1845
1872	1823
1872	454
1872	1088
1872	455
1872	2416
1872	1854
708	634
708	1484
708	1893
670	1420
1194	670
670	794
1873	938
304	2420
265	304
1440	304
304	305
1172	2303
1248	1626
1248	321
1874	2421
640	1100
700	1099
703	795
987	795
1609	795
1179	795
700	795
1100	795
988	795
637	796
796	638
1100	796
888	2422
888	797
1535	740
740	2422
975	798
1219	1885
1219	936
1420	869
799	679
1252	799
687	691
310	306
921	937
936	685
1229	936
103	2143
1195	2423
683	678
681	679
455	1965
307	2424
1875	307
307	2343
265	800
1229	310
801	1229
1219	1229
1423	1876
1876	1787
1737	320
1504	1737
330	308
330	2425
1426	2384
1857	2384
1867	2426
1521	2426
1877	308
1878	1449
1879	1803
1332	1527
1880	1685
1248	1446
1881	1173
1523	2427
808	1796
808	1888
1354	808
808	1889
1882	396
1812	1796
1812	312
1812	1889
1883	802
1884	1883
1178	1174
1174	1180
934	935
934	1887
458	456
457	458
1322	309
309	2428
930	310
930	933
930	932
931	930
930	929
1885	803
804	1886
1886	1179
810	809
723	809
973	809
974	927
928	927
805	926
1521	926
1887	925
1887	924
923	1887
922	1887
921	1887
1887	974
1178	1842
806	811
973	723
1384	973
1765	320
1839	320
1840	320
1504	1765
311	310
311	312
888	807
698	1770
1683	1770
1491	1770
1177	1770
1888	2429
1889	1888
1354	1888
1796	1889
1354	1889
1354	1812
1888	812
1796	812
1796	2429
808	812
808	2429
1889	812
1889	2429
1812	812
1812	2429
1354	2429
722	812
721	812
723	812
724	812
972	812
809	812
810	812
1176	812
811	812
813	1175
813	970
813	814
814	971
1175	970
814	814
1375	2301
1736	1890
1449	1890
1890	136
1890	137
138	1890
1803	1890
1890	120
1879	1890
1891	1890
1073	1193
1086	1074
1085	1086
1073	1086
1072	1074
1085	1072
1073	1072
1085	1074
1073	1074
1676	1899
1376	2068
1376	1318
1376	1352
1317	632
1892	633
1892	1561
633	1561
1892	1564
1840	1839
1839	1893
1839	634
1839	856
1840	1893
1840	634
1840	856
1893	634
856	634
251	634
1893	856
251	856
636	856
635	856
635	636
1894	2235
1215	1519
1215	1704
1215	1089
1215	2430
1215	252
1215	2431
1215	2432
637	1885
638	1885
1885	639
640	1885
700	1885
1100	1885
698	2130
1084	1075
1667	2323
1727	1727
1727	1895
1727	1533
1727	2180
1727	1076
1677	1727
1727	2128
1727	641
1727	2433
1727	253
1727	254
1895	1895
1896	119
1896	2434
1896	2435
1896	1714
1896	2436
1232	1896
1896	2437
1393	1896
1558	1896
1638	1896
1897	1896
1331	1896
1896	2257
1898	1896
255	1896
1896	1685
1368	1896
642	646
719	646
646	643
644	646
646	645
646	2151
651	1375
857	863
863	689
647	857
857	2438
857	864
648	857
719	865
863	649
719	649
863	864
650	2236
1899	1114
1321	1114
1269	1114
651	1116
1900	652
1428	1422
1422	1662
1429	1422
1428	1739
1428	1787
1428	2343
1423	1428
1428	1785
1428	1788
1428	2439
1662	1739
1662	1787
1662	2343
1423	1662
1662	1785
1662	1788
1662	2439
1429	1739
1429	1787
1429	2343
1423	1429
1429	1785
1429	1788
1429	2439
1509	7
262	653
654	257
654	858
1901	65
1513	1901
1513	2250
1878	1125
1125	258
1125	2440
1125	2441
1125	2342
1125	1708
1125	2442
1125	2443
1878	2443
1878	1736
1736	2443
1449	2443
120	2443
1803	2443
1878	1803
1878	120
1125	1803
1125	120
1125	1449
1125	1736
1902	1902
1903	1903
1749	1749
1904	1904
1905	1905
1873	1873
266	266
384	384
385	385
1706	1706
1084	1084
1089	1089
1733	1733
859	859
1872	1872
669	669
1077	1077
259	259
1078	1078
386	386
1906	1906
1907	1907
1908	1908
1079	655
1079	1080
656	1079
655	1082
655	1081
655	1080
655	1909
656	655
1082	1080
1081	1080
1909	1080
656	1080
656	1909
1081	1909
1082	1909
1126	1926
1097	1926
1239	1715
1239	2336
1910	1910
1657	1910
1563	1563
1634	1563
1561	1563
1563	2252
1563	2444
1561	2252
1375	1084
1911	35
36	1911
1912	35
1366	35
36	1366
1513	35
34	35
1435	35
1662	35
36	1513
1513	1911
1513	1912
66	1513
1423	35
36	1423
657	989
658	989
659	989
1251	989
1913	989
735	266
1125	266
1198	660
1198	661
662	664
663	664
869	664
1895	665
1210	1895
1895	2445
1598	2312
1098	1547
1098	2229
1568	1098
1868	1098
1098	1786
1713	1098
1098	1818
1308	1098
1098	1819
1313	1098
1742	1098
1521	1098
1469	1098
1098	1083
1817	1819
1819	1083
1819	864
865	1819
863	1819
1819	2426
1521	1817
1521	1083
1867	1083
862	862
862	860
862	861
862	2446
667	666
667	2136
1269	1321
1269	1899
1213	1231
725	2447
1196	1115
1914	1115
1676	1115
729	1084
1127	1386
1915	1903
1125	1915
1127	2448
1125	2448
1916	2118
1429	1513
1428	2231
1429	2231
1662	2231
1662	1661
123	1617
1617	2098
1617	1809
1617	1515
1617	2360
1617	2234
1617	1724
1617	2449
1394	123
1394	2098
1394	1515
1394	2360
1394	2234
1394	1778
1340	123
1340	2098
1340	2360
1340	2234
1340	2449
1340	1809
1340	1366
1394	2449
1394	1724
1617	1617
1394	1617
1213	1126
668	669
1500	1902
1917	1902
1918	1902
1869	2438
863	2438
864	2438
865	2438
261	1513
260	1513
1919	1193
1919	1085
1919	1086
982	1523
866	867
1872	1423
1872	260
1872	261
262	262
1214	2450
1308	2450
692	692
692	1920
1920	1920
1108	1920
692	1108
1523	1920
1523	1087
1087	1088
1088	2451
1523	2451
670	2452
1921	2452
314	2317
1922	1922
671	2453
671	1490
671	1855
671	2454
672	2284
1870	2306
1870	1690
1387	1870
1870	1724
67	68
735	1708
735	1903
406	407
423	406
423	407
1923	868
1547	1926
1097	1819
1097	869
719	1097
1097	1469
982	1097
1097	2278
982	2278
1252	1521
1089	1548
1089	1819
1089	1521
982	1089
1089	2278
1520	2455
1520	2456
275	1520
1510	1520
1631	2457
1260	409
408	409
1924	674
673	674
1260	1924
675	676
1857	2449
1248	37
1425	37
1715	2164
410	411
423	411
1196	1202
1925	2140
1925	1501
1925	677
683	1090
1090	678
714	1090
679	1090
681	1090
1090	680
683	681
683	682
683	1499
683	1706
412	413
413	413
1248	2324
870	1091
870	1092
684	1092
414	417
416	417
1742	1926
1926	1818
1097	1742
1926	2229
1097	2229
690	1700
739	1700
1375	1916
1927	873
121	91
91	2458
1255	91
1429	2458
1429	121
79	2458
1928	2459
1928	2460
1928	1929
263	1929
1929	2460
263	1928
1126	1624
1126	1330
1561	2444
1634	2444
1564	2444
1439	2444
1930	685
686	2432
1931	10
1932	10
1932	8
1931	8
18	18
688	689
688	687
688	690
690	689
690	691
707	1182
418	428
418	419
1933	2461
962	871
962	873
962	2296
872	2296
1586	873
1586	2296
1934	874
420	421
692	693
1198	1653
888	1198
264	265
1654	1654
1654	694
460	422
1567	460
1093	1937
1671	1093
1093	267
875	876
877	878
1255	98
1268	314
315	2406
1935	2406
1589	2462
1936	2462
1589	1936
122	1571
122	1599
1199	1571
1276	2289
1279	2289
1276	1653
1279	1653
266	695
316	695
695	317
1094	1094
696	696
733	1094
733	696
733	697
423	2288
1260	423
698	1443
1229	698
123	2463
69	2464
89	74
73	89
879	880
1482	881
1482	1095
1615	2465
1615	2466
276	276
1097	1096
1097	1098
1100	699
1100	882
1100	700
1100	1222
1100	711
1100	1099
1100	1635
1100	701
1100	702
1100	988
1100	987
1100	703
1100	1609
1100	704
1100	705
1100	1107
1100	706
1244	1244
1202	1126
1183	1585
267	268
1937	268
1938	1938
707	708
986	2114
425	424
425	426
427	427
709	985
1502	2303
1101	2303
1102	2303
1516	2200
431	428
431	2467
1103	1244
1305	1888
84	70
71	84
429	430
710	710
1844	2409
1105	1105
1104	1105
1106	1106
711	711
712	1107
1860	269
1860	1862
1108	2423
1939	1939
961	961
1205	713
1205	2417
1205	1859
1205	1284
713	2468
1284	2468
124	72
73	74
714	715
1595	2298
1110	1109
1110	1110
1830	2405
1424	1538
1834	1538
1638	2469
1638	1244
1940	1708
1940	1903
1940	2470
1941	1940
1942	1940
1942	1942
1942	1941
1942	2471
1125	1942
1941	1903
1941	1708
1434	1861
1862	269
1943	269
1944	2463
269	2463
1944	1861
1860	1944
1943	1944
1944	1944
431	387
883	885
1739	75
733	2142
270	1111
1945	2303
1945	884
1202	2472
1205	1507
716	2144
1507	1507
1332	2473
1332	2474
1946	2475
885	717
717	717
717	2476
1576	984
1947	2477
718	1947
270	1112
719	1796
1113	1796
270	1494
1508	2478
9	9
10	9
9	1948
12	12
1509	1509
1508	1509
12	13
13	13
10	13
1948	13
1508	13
17	17
1508	17
13	15
10	15
1948	15
1508	15
10	10
10	1948
1949	10
432	10
18	1948
1508	18
11	1948
1508	11
14	12
14	13
14	1948
1508	14
14	15
1477	1543
1543	1452
1229	1452
1124	1124
1126	1124
719	721
719	722
719	1298
721	721
721	720
721	2479
1298	722
1838	722
1838	723
1298	724
271	2322
725	1115
1375	2174
1114	1115
1375	1597
1676	1597
1375	2448
1126	2448
1375	2422
1375	1826
1375	1855
1375	1557
1375	1461
1375	1759
1375	2250
1375	1299
1950	1375
1375	1459
1375	1116
1375	2381
1951	1375
1375	726
1375	2375
1375	1117
1375	727
1375	1563
1375	1629
1375	272
1375	2480
1375	2283
1375	1546
728	1375
1375	2257
1375	1895
1118	1375
1375	1758
1375	1760
1375	2393
1487	1375
1375	2481
729	1375
1216	1375
1375	1458
1375	1744
1952	1375
1375	1676
1375	2482
1375	730
1375	2483
1375	2386
1375	1119
1375	2484
1375	273
1375	731
1375	2371
1375	1653
1375	732
1375	2485
1375	274
1375	1542
1375	1120
1375	1559
1375	1121
1375	1350
733	1375
1375	2486
1375	2348
1375	1558
1244	1375
1375	1602
886	1375
275	2487
1953	1646
1647	2488
1647	1763
1646	1955
1646	2489
1954	1646
1646	1956
1763	2488
1763	1955
1955	2489
1954	1955
1956	1955
1955	2488
1953	1955
1386	1825
1386	2490
1123	2490
1126	1122
1126	2118
1123	1124
1125	1124
1125	1532
1126	734
983	2448
1127	2046
1518	2046
1432	1903
1432	1708
735	1432
1432	2471
1432	1432
1957	1957
1746	1957
1448	736
276	738
737	738
1314	2491
1252	2492
1584	2493
1201	1201
1958	2494
1949	1608
1959	1541
1370	2495
99	79
1960	433
1961	131
1655	106
1962	2496
1963	1962
1655	88
88	106
95	76
1963	38
1514	2497
1370	77
1370	2498
1370	1973
1370	86
1370	2499
1370	87
1370	2001
1370	2008
1370	2500
125	78
78	131
1961	78
1964	2501
1655	1965
1965	88
1966	106
447	79
1967	79
447	126
126	1989
1963	2502
100	2502
1968	1960
1960	1997
1960	1972
1960	2410
1960	98
1961	1960
1960	1973
1960	105
1969	1960
100	1960
1960	106
1960	101
1960	129
1960	2402
80	1989
447	2503
1970	447
90	2504
90	106
127	131
1961	127
447	128
90	2505
1971	2506
1967	2501
447	1974
1972	1974
1973	1974
99	1974
1967	1974
100	1974
83	1974
1974	106
1974	2507
82	131
1975	82
82	2508
1961	82
82	2509
1976	434
1976	435
436	1976
1967	437
1977	437
438	447
438	1989
438	445
447	131
105	131
106	131
1978	447
1978	97
1978	1989
1978	2410
1963	1978
1978	98
1979	1978
1978	1973
1978	445
1978	105
1978	99
1978	1969
1967	1978
1978	100
1978	2009
1978	106
1978	101
1978	129
1976	39
1980	2510
81	2511
1981	2511
1982	2511
1963	2512
1963	2513
439	2495
439	447
439	82
439	1967
439	100
439	1618
447	40
1655	90
1655	2514
1655	1974
84	1655
1655	2003
94	1655
1655	1967
1655	100
1655	2000
1655	2015
84	447
84	1972
84	1973
1983	84
84	99
84	1967
84	100
84	83
84	106
84	1573
1655	2515
1982	106
1984	1989
1963	1984
1618	2508
1985	2516
1969	2516
1979	2502
1979	85
1979	2517
1979	1981
1979	1982
1979	2518
1979	1973
1979	1983
1979	1967
1979	100
1979	87
1979	1514
1979	1573
1979	2402
1979	1618
85	1962
1962	2508
1962	1973
86	1962
1962	2519
1983	1962
1962	2520
100	1962
87	1962
1514	1962
1986	1962
1573	1962
1618	1962
1987	1962
440	441
1961	447
1961	105
1961	106
1801	442
1801	1971
1967	88
100	88
887	97
887	89
94	90
94	1974
94	1987
1988	447
447	2521
1989	2521
1963	2521
447	2522
41	1999
1573	2519
1983	95
1990	2523
447	2506
1967	2506
1991	2524
1992	2524
130	447
130	1592
1993	1989
1994	2525
1995	1989
1963	1995
1967	443
1996	447
1996	1963
1996	94
1996	93
1996	106
447	2525
97	2525
1989	2525
1997	2525
98	2525
1973	2525
105	2525
1967	2525
100	2525
1989	2512
1998	131
1961	1998
1999	106
91	447
91	99
91	1967
95	2409
447	1802
100	1802
92	93
93	2526
2000	447
2000	1989
2000	1960
2000	2504
2000	100
2000	106
2001	447
447	132
2002	132
102	2004
1655	2004
2003	2004
2004	106
2005	447
2006	447
447	2526
2007	447
2007	1991
2008	447
447	2009
2009	1989
100	2009
2009	106
2009	2527
2010	447
1967	2010
2010	100
2011	2528
444	2011
2012	1573
1573	97
1573	1974
94	1573
95	1573
1573	100
1573	2000
1573	96
447	2527
97	2527
1989	2527
1991	2527
1972	2527
98	2527
1973	2527
445	2527
99	2527
100	2527
2013	2527
106	2527
101	2527
2014	446
1783	1989
1987	447
1987	1989
1963	1987
1987	106
447	2529
2015	106
888	888
739	739
1128	277
277	1129
1278	277
448	448
740	740
2016	741
982	1469
742	743
