0	138
1	137
2	136
3	135
4	134
5	133
6	132
7	131
8	130
9	129
10	127
11	125
12	124
13	123
14	122
15	121
16	120
0	119
1	118
2	117
3	116
4	115
5	114
6	113
7	112
8	111
9	110
17	109
10	108
18	107
0	42
1	41
2	40
3	39
4	38
5	37
6	36
7	35
8	34
9	33
17	32
10	31
18	30
11	29
12	28
13	27
16	24
0	23
1	22
2	21
5	19
19	138
20	136
21	135
22	134
23	133
24	132
25	131
26	130
27	129
28	128
29	127
30	126
31	125
32	124
33	123
34	122
35	121
36	120
37	119
38	118
39	117
40	116
41	115
42	114
19	113
43	112
20	111
21	110
22	109
23	108
24	107
44	462
45	463
46	464
47	465
48	466
49	467
50	468
51	469
52	470
53	471
54	472
55	473
56	474
57	475
58	476
59	477
60	478
61	479
62	480
63	481
64	482
65	483
66	484
67	485
68	486
69	487
70	488
71	489
72	490
73	491
74	492
75	493
76	494
77	495
78	496
79	497
80	498
81	499
82	500
83	501
84	502
85	503
86	504
87	505
88	506
89	507
90	508
91	509
92	510
93	511
94	512
95	513
96	514
97	515
98	516
99	517
100	518
101	519
102	520
103	521
104	522
44	523
45	524
46	525
47	526
48	527
49	528
50	529
51	530
52	531
53	532
54	533
55	534
56	535
57	536
58	537
59	538
62	539
63	540
64	541
65	542
66	543
67	544
68	545
69	546
70	547
71	548
72	549
73	550
74	551
75	552
76	553
77	554
78	555
79	556
80	557
81	558
82	559
83	560
84	561
85	562
86	563
87	564
88	565
89	566
90	567
105	568
91	569
92	570
93	571
94	572
95	573
96	574
97	575
98	576
99	577
100	578
101	579
102	580
106	581
103	582
104	583
44	584
45	585
46	586
47	587
48	588
49	589
50	590
51	591
52	592
53	593
54	594
55	595
56	596
57	597
58	598
59	599
61	600
62	601
63	602
65	603
66	604
67	605
68	606
69	607
70	608
71	609
72	610
73	611
74	612
75	613
76	614
78	615
79	616
80	617
81	618
82	619
83	620
84	621
85	622
86	623
87	624
88	625
89	626
90	627
105	628
91	629
92	630
93	631
94	632
95	633
96	634
97	635
98	636
99	637
100	638
101	639
102	640
106	641
103	642
104	643
44	644
45	645
46	646
47	647
48	648
49	649
50	650
51	651
52	652
53	653
54	654
55	655
56	656
57	657
58	658
59	659
61	660
62	661
63	662
64	663
65	664
66	665
67	666
68	667
69	668
70	669
71	670
72	671
73	672
74	673
75	674
76	675
77	676
78	677
79	678
80	679
81	680
82	681
83	682
84	683
85	684
86	685
87	686
88	687
89	688
90	689
105	690
91	691
92	692
93	693
94	694
95	695
96	696
97	697
98	698
99	699
100	700
101	701
102	702
104	703
44	704
45	705
46	706
47	707
48	708
50	709
52	710
53	711
54	712
55	713
56	714
57	715
58	716
59	717
61	718
62	719
63	720
64	721
65	722
66	723
67	724
68	725
69	726
70	727
71	728
72	729
73	730
74	731
75	732
76	733
77	734
79	735
80	736
81	737
82	738
83	739
84	740
85	741
87	742
88	743
89	744
105	745
92	746
93	747
94	748
95	749
96	750
97	751
98	752
99	753
100	754
101	755
102	756
106	757
103	758
104	759
44	760
45	761
46	762
47	763
48	764
49	765
50	766
51	767
52	768
53	769
55	770
57	771
58	772
59	773
61	774
62	775
63	776
64	777
65	778
66	779
67	780
68	781
69	782
70	783
71	784
72	785
73	786
74	787
75	788
76	789
77	790
78	791
79	792
80	793
82	794
83	795
84	796
85	797
87	798
88	799
89	800
90	801
105	802
91	803
92	804
93	805
95	806
97	807
98	808
100	809
101	810
102	811
106	812
103	813
45	814
46	815
47	816
48	817
49	818
50	819
51	820
52	821
53	822
54	823
56	824
57	825
58	826
59	827
61	828
62	829
63	830
64	831
66	832
67	833
68	834
69	835
70	836
71	837
72	838
73	839
74	840
75	841
76	842
77	843
78	844
79	845
80	846
81	847
82	848
83	849
88	850
89	851
90	852
105	853
91	854
92	855
93	856
94	857
95	858
96	859
97	860
98	861
99	862
100	863
101	864
102	865
106	866
103	867
104	868
44	869
45	870
47	871
49	872
50	873
51	874
52	875
53	876
54	877
55	878
56	879
57	880
58	881
59	882
62	883
63	884
64	885
65	886
66	887
67	888
68	889
69	890
70	891
71	892
72	893
73	894
74	895
76	896
77	897
79	898
80	899
81	900
82	901
83	902
84	903
85	904
87	905
88	906
89	907
90	908
105	909
93	910
94	911
95	912
96	913
97	914
98	915
99	916
100	917
102	918
104	919
44	920
45	921
46	922
47	923
48	924
49	925
50	926
51	927
52	928
53	929
54	930
55	931
56	932
57	933
58	934
59	935
60	936
61	937
62	938
63	939
64	940
65	941
66	942
67	943
68	944
69	945
70	946
71	947
72	948
73	949
74	950
75	951
76	952
77	919
78	953
79	954
80	918
81	955
82	917
83	916
84	915
85	914
86	913
87	912
88	911
89	910
90	956
105	957
91	909
92	908
93	907
94	906
95	905
96	958
97	904
98	903
99	902
102	899
103	959
44	896
45	960
46	895
47	894
48	893
49	892
50	891
51	890
52	889
53	888
54	887
55	886
56	885
57	884
58	883
59	961
62	881
63	880
64	879
65	878
66	877
67	876
68	875
69	874
70	873
71	872
72	962
75	870
76	869
77	868
78	867
79	866
80	865
81	864
82	863
83	862
84	861
85	860
86	859
88	857
89	856
90	855
105	854
91	853
92	852
93	851
94	850
95	963
96	964
97	965
98	966
99	849
100	848
101	847
102	846
106	845
103	844
104	843
45	841
46	840
47	839
48	838
49	837
50	836
51	835
52	834
53	833
54	832
55	967
56	831
57	830
58	829
59	828
60	968
61	827
62	826
63	825
64	824
65	969
66	823
67	822
68	821
69	820
70	819
71	818
72	817
73	816
74	815
75	814
76	970
77	971
78	813
79	812
80	811
81	810
82	809
83	972
84	808
85	807
86	973
87	806
88	974
89	805
90	804
105	803
91	802
92	801
93	800
94	799
95	798
96	975
97	797
98	796
99	795
100	794
101	976
102	793
106	792
103	791
104	790
44	789
45	788
46	787
47	786
48	785
49	784
50	783
51	782
52	781
53	780
54	779
55	778
56	777
57	776
58	775
59	774
60	977
61	773
62	772
63	771
64	978
65	770
66	979
67	769
69	767
70	766
71	765
72	764
73	763
74	762
75	761
76	760
77	759
79	757
80	756
81	755
82	754
83	753
84	752
85	751
86	750
87	749
88	748
89	747
90	746
105	980
91	745
92	981
93	744
94	743
95	742
96	982
97	741
98	740
99	739
100	738
101	737
102	736
106	735
103	983
104	734
44	733
45	732
46	731
47	730
48	729
49	728
50	727
52	725
53	724
54	723
56	721
57	720
58	719
59	718
60	984
61	717
62	716
63	715
64	714
65	713
66	712
67	711
68	710
69	985
70	709
71	986
72	708
73	707
74	706
75	705
76	704
77	703
78	987
79	988
80	702
81	701
82	700
83	699
84	698
85	697
86	696
87	695
88	694
90	692
105	691
91	690
92	689
93	688
94	687
95	686
96	685
97	684
99	682
100	681
101	680
102	679
106	678
103	677
104	676
45	674
46	673
47	672
50	669
51	668
52	667
53	666
55	664
57	662
58	661
59	660
60	989
61	659
62	658
63	657
65	655
66	654
67	653
68	652
69	651
70	650
71	649
72	648
73	647
74	646
75	645
76	644
77	643
78	642
80	640
81	639
82	638
83	637
84	636
86	634
88	632
89	631
90	630
105	629
91	628
92	627
93	626
94	625
95	624
96	623
97	622
98	621
99	620
100	619
101	618
102	617
106	616
103	615
104	990
44	614
45	613
46	612
47	611
48	610
50	608
51	607
52	606
54	604
56	991
57	602
58	601
59	600
61	599
62	598
63	597
64	596
65	595
68	592
69	591
70	590
71	589
72	588
74	586
75	585
76	584
77	583
78	582
79	581
80	580
81	579
82	578
83	577
84	576
85	575
86	574
87	573
88	572
89	571
90	570
105	569
91	568
92	567
93	566
94	565
95	564
96	563
97	562
98	561
99	560
100	559
101	558
102	557
106	556
103	555
104	554
44	553
45	552
46	551
47	550
48	549
49	548
50	547
51	546
52	545
54	543
55	542
56	541
57	540
59	992
60	993
61	538
62	537
63	536
64	535
65	534
66	533
67	532
68	531
69	530
70	529
71	528
72	527
73	526
74	525
75	524
76	523
77	522
78	521
79	994
80	520
81	519
82	518
83	517
84	516
85	515
87	513
88	512
89	511
90	510
105	509
91	995
92	508
93	507
94	506
95	505
97	503
98	502
99	501
101	499
102	498
106	497
103	496
104	495
44	332
45	333
46	334
47	335
48	336
49	337
50	338
51	339
52	340
53	341
54	342
56	344
57	345
58	346
59	347
61	349
62	350
63	351
64	352
65	353
66	354
67	355
68	356
69	357
70	358
71	359
72	360
73	361
74	362
75	363
76	364
78	365
79	366
80	367
81	368
82	369
83	370
84	371
85	372
86	373
87	374
88	375
89	376
105	378
91	379
92	380
93	381
94	382
95	383
96	384
97	385
98	386
99	460
100	387
101	388
102	389
106	390
103	391
104	392
44	393
45	394
46	395
47	396
48	397
49	398
50	399
51	400
52	401
55	403
59	407
60	408
61	409
62	410
63	411
64	412
65	413
66	414
67	415
68	416
69	417
70	418
71	419
72	420
73	421
74	422
75	423
76	424
78	426
79	427
80	428
81	429
82	430
83	431
84	432
85	433
86	434
87	435
88	436
89	437
90	438
105	439
91	440
92	441
93	442
94	443
95	444
96	445
97	446
98	447
99	448
100	449
101	450
102	451
106	452
103	453
104	454
44	458
45	457
46	456
47	455
48	454
49	453
50	452
51	451
52	450
53	449
54	448
55	447
56	446
57	445
58	444
59	443
60	442
61	441
62	440
63	439
64	438
65	437
66	436
67	435
68	434
69	433
44	139
45	140
46	141
47	142
48	143
49	144
51	146
52	147
53	148
54	149
55	150
56	151
59	154
60	155
61	156
62	157
63	158
64	159
65	160
66	161
67	162
68	163
69	164
70	165
71	166
72	167
73	168
74	169
75	170
76	171
78	173
79	174
80	175
81	176
82	177
83	178
84	179
85	180
86	181
87	182
88	183
89	184
90	185
105	186
91	322
92	187
93	188
94	189
95	190
96	191
97	192
101	196
102	197
106	198
103	199
104	200
44	201
45	202
46	203
47	204
48	205
49	206
51	207
52	208
53	209
54	210
55	211
56	212
57	213
58	214
59	215
60	216
61	217
62	218
63	219
64	220
65	221
66	222
67	223
68	224
69	225
70	226
71	227
72	228
73	229
74	324
75	230
76	231
78	232
79	325
80	233
81	234
82	235
83	236
84	237
85	238
86	239
87	240
88	241
89	242
90	243
105	244
91	245
92	246
93	247
94	248
95	249
96	250
97	251
98	252
99	253
100	254
101	255
102	256
106	257
103	258
104	259
44	260
45	261
46	262
47	263
48	264
49	265
50	266
51	267
52	268
53	269
54	270
55	271
56	272
57	273
58	274
59	275
60	276
61	277
62	278
63	279
64	326
65	280
66	281
67	282
68	283
69	284
70	327
71	285
72	286
73	328
74	287
75	288
76	289
78	291
79	292
80	293
81	294
82	295
83	329
84	296
85	297
86	298
87	299
88	300
89	301
90	302
105	303
91	304
92	305
93	306
94	307
95	330
96	308
97	309
98	310
99	311
100	312
101	313
102	314
106	315
103	316
104	317
44	321
45	320
46	319
47	318
48	317
49	316
50	315
51	314
52	313
53	312
54	311
55	310
56	309
57	308
58	330
59	307
60	306
61	305
62	304
63	303
64	302
65	301
66	300
67	299
68	298
69	297
70	296
44	996
45	997
46	998
47	999
48	1000
49	1001
50	1002
51	1003
52	1004
53	1005
54	1006
55	1007
56	1008
57	1009
58	1010
59	1011
60	1012
61	1013
62	1014
63	1015
64	1016
65	1017
66	1018
67	1019
68	1020
69	1021
70	1022
71	1023
72	1024
73	1025
74	1026
75	1027
76	1028
77	1029
79	1030
80	1031
81	1032
82	1033
83	1034
84	1035
86	1036
87	1037
88	1038
89	1039
90	1040
105	1041
91	1042
92	1043
94	1044
95	1045
98	1046
99	1047
100	1048
101	1049
102	1050
106	1051
103	1052
104	1053
44	1054
45	1055
46	1056
47	1057
48	1058
49	1059
52	1060
53	1061
54	1062
55	1063
56	1064
57	1065
58	1066
59	1067
60	1068
61	1069
63	1070
64	1071
65	1072
66	1073
67	1074
68	1075
69	1076
70	1077
71	1078
72	1079
73	1080
74	1081
75	1082
76	1083
77	1084
79	1085
80	1086
81	1087
82	1088
83	1089
84	1090
85	1091
86	1092
87	1093
88	1094
89	1095
90	1096
105	1097
91	1098
92	1099
93	1100
94	1101
95	1102
96	1103
97	1104
98	1105
99	1106
100	1107
101	1108
102	1109
106	1110
103	1111
104	1112
44	1113
45	1114
46	1115
47	1116
48	1117
49	1118
50	1119
51	1120
52	1121
53	1122
54	1123
55	1124
56	1125
57	1126
58	1127
59	1128
60	1129
61	1130
62	1131
63	1132
64	1133
65	1134
66	1135
67	1136
68	1137
69	1138
70	1139
71	1140
72	1141
73	1142
74	1143
75	1144
76	1145
77	1146
79	1147
80	1148
81	1149
82	1150
83	1151
84	1152
85	1153
86	1154
87	1155
88	1156
89	1157
90	1158
105	1159
91	1160
92	1161
93	1162
94	1163
95	1164
96	1165
97	1166
98	1167
99	1168
100	1169
101	1170
102	1171
106	1172
103	1173
104	1174
44	1175
45	1176
46	1177
47	1178
48	1179
49	1180
50	1174
51	1173
52	1172
53	1171
54	1170
55	1169
56	1168
57	1167
44	19
45	43
46	20
47	21
48	22
49	23
50	24
51	25
52	26
53	27
54	28
55	29
56	30
57	31
58	32
59	33
60	34
61	35
62	36
63	37
64	38
65	39
67	41
68	42
69	0
70	1
71	2
72	3
73	4
74	5
75	6
76	7
77	8
78	9
79	17
80	10
81	18
82	11
83	12
84	13
85	14
86	15
87	16
88	107
89	108
90	109
105	110
91	111
92	112
93	113
94	114
95	115
96	116
97	117
98	118
99	119
100	120
101	121
102	122
106	123
103	124
104	125
44	126
45	127
46	128
47	129
48	130
49	131
50	132
51	133
52	134
53	135
54	136
55	137
44	138
19	462
43	463
20	464
21	465
22	466
23	467
24	468
25	469
26	470
27	471
28	472
29	473
30	474
31	475
32	476
33	477
34	478
35	479
36	480
37	481
38	482
39	483
40	484
41	485
42	486
0	487
1	488
2	489
3	490
4	491
5	492
6	493
7	494
8	495
9	496
17	497
10	498
18	499
11	500
12	501
14	503
15	504
16	505
107	506
108	507
109	508
110	995
111	509
112	510
113	511
114	512
115	513
116	514
117	515
118	516
119	517
120	518
121	519
122	520
123	994
124	521
125	522
126	523
127	524
128	525
129	526
130	527
131	528
132	529
133	530
134	531
135	532
136	533
137	534
138	535
19	536
43	537
21	993
22	992
23	539
24	540
25	541
26	542
27	543
28	544
29	545
30	546
31	547
32	548
33	549
34	550
35	551
36	552
37	553
38	554
39	555
40	556
41	557
42	558
0	559
1	560
2	561
3	562
4	563
5	564
6	565
7	566
8	567
9	568
17	569
10	570
18	571
11	572
12	573
14	575
15	576
16	577
107	578
108	579
109	580
110	581
111	582
112	583
113	584
114	585
115	586
116	587
117	588
118	589
119	590
120	591
121	592
122	593
123	594
124	595
125	596
126	597
127	598
128	599
129	1181
130	600
131	601
132	602
133	991
134	603
135	604
136	605
137	606
138	607
19	608
43	609
21	611
22	612
23	613
24	614
25	990
26	615
27	616
28	617
29	618
30	619
31	620
32	621
33	622
34	623
35	624
36	625
37	626
38	627
39	628
40	629
41	630
42	631
0	632
1	633
2	634
5	637
6	638
8	640
9	641
17	642
10	643
18	644
11	645
12	646
14	648
15	649
16	650
107	651
108	652
109	653
110	654
111	655
112	656
114	658
115	659
116	989
117	660
118	661
120	663
122	665
123	666
124	667
125	668
126	669
127	670
128	671
129	672
130	673
131	674
132	675
133	676
134	677
135	678
136	679
137	680
138	681
19	682
43	683
22	686
23	687
24	688
25	689
26	690
27	691
29	693
30	694
31	695
32	696
33	697
34	698
35	699
36	700
37	701
38	702
39	988
40	987
41	703
42	704
0	705
1	706
2	707
3	708
4	986
5	709
6	985
7	710
8	711
9	712
17	713
18	715
11	716
12	717
14	718
15	719
16	720
107	721
108	722
109	723
110	724
111	725
113	727
114	728
115	729
116	730
117	731
118	732
119	733
120	734
121	983
122	735
125	738
126	739
127	740
128	741
129	982
130	742
131	743
132	744
133	981
134	745
135	980
136	746
137	747
138	748
19	749
43	750
21	752
22	753
23	754
24	755
25	756
26	757
27	758
28	759
29	760
30	761
31	762
32	763
33	764
34	765
35	766
36	767
37	768
38	769
39	979
40	770
41	978
42	771
0	772
1	773
2	977
3	774
5	776
6	777
7	778
8	779
9	780
17	781
10	782
11	784
12	785
14	787
15	788
16	789
107	790
108	791
109	792
110	793
111	976
112	794
113	795
115	797
116	975
118	799
119	800
120	801
123	804
124	805
125	974
126	806
127	973
128	807
129	808
130	972
131	809
132	810
133	811
134	812
135	813
136	971
137	970
138	814
19	815
43	816
21	818
22	819
23	820
24	821
25	822
26	823
27	969
28	824
29	825
30	826
31	827
32	968
33	828
34	829
35	830
36	831
37	967
38	832
39	833
40	834
42	836
0	837
1	838
2	839
3	840
4	841
5	842
6	843
7	844
8	845
9	846
17	847
10	848
18	849
11	966
12	965
14	963
15	850
16	851
107	852
108	853
109	854
110	855
111	856
112	857
113	858
114	859
115	860
116	861
117	862
118	863
119	864
120	865
121	866
122	867
123	868
124	869
125	870
126	1182
127	871
128	962
129	872
130	873
131	874
132	875
133	876
134	877
135	878
136	879
137	880
138	881
19	882
21	883
22	884
23	885
24	886
25	887
26	888
27	889
28	890
29	891
30	892
31	893
33	895
34	960
36	897
37	959
38	898
39	899
40	900
41	901
42	902
0	903
1	904
2	958
3	905
4	906
5	907
6	908
7	909
8	957
9	956
17	910
10	911
18	912
11	913
12	914
14	916
15	917
16	955
107	918
108	954
109	953
110	919
111	952
112	951
113	950
114	949
115	948
116	947
117	946
118	945
119	944
120	943
121	942
122	941
123	940
124	939
125	938
126	937
127	936
128	935
129	934
130	933
131	932
132	931
133	930
134	929
135	928
136	927
137	926
138	925
19	920
43	921
20	922
21	923
22	924
23	925
24	926
25	927
26	928
27	929
28	930
29	931
30	932
31	933
32	934
33	935
35	937
36	938
37	939
38	940
39	941
40	942
41	943
42	944
1	946
2	947
3	948
4	949
5	950
6	951
8	919
9	953
17	954
10	918
18	955
11	917
12	916
13	915
14	914
15	913
16	912
107	911
108	910
109	956
110	957
111	909
112	908
113	907
114	906
115	905
116	958
118	903
120	901
121	900
122	899
123	898
124	959
125	897
126	896
127	960
128	895
129	894
130	893
131	892
132	891
133	890
134	889
135	888
136	887
137	886
138	885
19	884
43	883
20	961
21	1183
22	882
23	881
24	880
25	879
26	878
27	877
28	876
29	875
30	874
31	873
32	872
33	962
34	871
35	1182
36	870
37	869
38	868
39	867
40	866
41	865
42	864
0	863
1	862
2	861
3	860
4	859
5	858
6	857
7	856
8	855
9	854
17	853
10	852
18	851
11	850
12	963
13	964
14	965
15	966
16	849
107	848
108	847
109	846
110	845
111	844
112	843
113	842
114	841
115	840
116	839
117	838
118	837
119	836
120	835
121	834
122	833
123	832
124	967
125	831
126	830
127	829
128	828
129	968
130	827
131	826
132	825
133	824
134	969
135	823
136	822
137	821
138	820
19	819
43	818
20	817
21	816
22	815
23	814
24	970
25	971
26	813
27	812
28	811
29	810
30	809
31	972
32	808
33	807
34	973
35	806
36	974
37	805
38	804
39	803
40	802
41	801
42	800
0	799
1	798
2	975
3	797
4	796
5	795
6	794
7	976
8	793
9	792
17	791
10	790
18	789
11	788
12	787
13	786
14	785
15	784
16	783
107	782
108	781
109	780
110	779
111	778
112	777
113	776
114	775
115	774
116	977
117	773
118	772
119	771
120	978
121	770
122	979
123	769
124	768
125	767
126	766
127	765
128	764
129	763
130	762
131	761
132	760
133	759
134	758
135	757
136	756
137	755
138	754
19	753
43	752
20	751
21	750
22	749
23	748
24	747
25	746
26	980
28	981
29	744
30	743
31	742
32	982
34	740
35	739
36	738
38	736
39	735
40	983
41	734
42	733
0	732
1	731
2	730
3	729
4	728
5	727
6	726
7	725
8	724
9	723
17	722
10	721
18	720
11	719
12	718
13	984
14	717
15	716
16	715
107	714
108	713
109	712
110	711
111	710
112	985
113	709
114	986
115	708
116	707
117	706
118	705
119	704
120	703
121	987
122	988
123	702
124	701
125	700
126	699
127	698
128	697
129	696
130	695
131	694
132	693
133	692
134	691
135	690
137	688
138	687
19	686
43	685
20	684
21	683
22	682
24	680
25	679
26	678
27	677
28	676
29	675
30	674
31	673
32	672
33	671
34	670
35	669
36	668
37	667
38	666
39	665
40	664
41	663
42	662
0	661
1	660
2	989
3	659
4	658
5	657
6	656
7	655
8	654
9	653
19	139
43	140
20	141
21	142
22	143
23	144
24	145
25	146
26	147
27	148
28	149
29	150
30	151
31	152
32	153
33	154
34	155
36	157
37	158
38	159
39	160
40	161
41	162
42	163
0	164
1	165
2	166
3	167
4	168
5	169
6	170
7	171
9	173
17	174
10	175
18	176
12	178
13	179
14	180
15	181
16	182
107	183
108	184
109	185
110	186
111	322
112	187
113	188
114	189
115	190
116	191
117	192
118	193
119	194
120	195
121	196
122	197
123	198
124	199
125	200
126	201
127	202
128	203
129	204
130	205
131	206
132	323
133	207
134	208
135	209
136	210
137	211
138	212
43	214
20	215
21	216
22	217
23	218
24	219
25	220
26	221
27	222
28	223
29	224
30	225
31	226
32	227
33	228
34	229
35	324
36	230
37	231
38	331
39	232
40	325
41	233
42	234
0	235
1	236
2	237
3	238
4	239
6	241
7	242
8	243
9	244
17	245
10	246
18	247
11	248
12	249
13	250
14	251
15	252
16	253
107	254
108	255
109	256
110	257
111	258
112	259
113	260
114	261
115	262
116	263
117	264
118	265
119	266
120	267
121	268
122	269
123	270
124	271
125	272
126	273
127	274
128	275
129	276
130	277
131	278
132	279
133	326
134	280
135	281
136	282
137	283
138	284
43	285
20	286
21	328
22	287
23	288
24	289
25	290
26	291
27	292
28	293
29	294
32	296
33	297
34	298
35	299
36	300
37	301
38	302
39	303
40	304
41	305
42	306
0	307
1	330
2	308
3	309
4	310
5	311
6	312
7	313
8	314
9	315
17	316
10	317
18	318
11	319
12	320
13	321
14	139
15	140
16	141
107	142
108	143
109	144
110	145
111	146
112	147
113	148
114	149
115	150
116	151
117	152
118	153
119	154
120	155
122	157
123	158
124	159
125	160
126	161
127	162
128	163
129	164
130	165
131	166
132	167
133	168
134	169
135	170
136	171
137	172
138	173
19	173
43	172
20	171
21	170
22	169
23	168
24	167
25	166
26	165
27	164
28	163
29	162
30	161
31	160
32	159
33	158
34	157
35	156
36	155
37	154
38	153
39	152
40	151
41	150
19	996
43	997
20	998
21	999
22	1000
23	1001
24	1002
25	1003
26	1004
27	1005
28	1006
29	1007
30	1008
31	1009
32	1010
33	1011
35	1013
36	1014
37	1015
38	1016
39	1017
40	1018
41	1019
42	1020
0	1021
1	1022
2	1023
3	1024
4	1025
5	1026
6	1027
7	1028
8	1029
9	1184
17	1030
10	1031
18	1032
11	1033
12	1034
13	1035
14	1185
15	1036
16	1037
107	1038
108	1039
109	1040
110	1041
111	1042
112	1043
113	1186
114	1044
115	1045
116	1187
117	1188
118	1046
119	1047
120	1048
121	1049
122	1050
123	1051
124	1052
125	1053
127	1055
128	1056
129	1057
130	1058
131	1059
132	1189
133	1190
136	1062
137	1063
138	1064
19	1065
43	1066
20	1067
21	1068
22	1069
23	1191
24	1070
25	1071
26	1072
27	1073
28	1074
29	1075
30	1076
31	1077
32	1078
33	1079
34	1080
35	1081
40	1085
41	1086
42	1087
0	1088
1	1089
3	1091
4	1092
17	1098
18	1100
11	1101
12	1102
13	1103
14	1104
15	1105
16	1106
107	1107
108	1108
109	1109
110	1110
111	1111
112	1112
113	1113
115	1115
116	1116
117	1117
118	1118
119	1119
120	1120
121	1121
122	1122
123	1123
124	1124
125	1125
126	1126
127	1127
128	1128
129	1129
130	1130
131	1131
132	1132
133	1133
134	1134
135	1135
136	1136
137	1137
138	1138
19	1139
43	1140
20	1141
21	1142
22	1143
23	1144
24	1145
25	1146
26	1192
27	1147
28	1148
29	1149
30	1150
31	1151
32	1152
33	1153
34	1154
35	1155
36	1156
37	1157
38	1158
39	1159
40	1160
41	1161
42	1162
0	1163
1	1164
2	1165
3	1166
4	1167
5	1168
6	1169
7	1170
8	1171
9	1172
17	1173
10	1174
18	1180
11	1179
12	1178
13	1177
14	1176
16	996
108	998
109	999
110	1000
111	1001
112	1002
113	1003
114	1004
116	1006
117	1007
118	1008
119	1009
120	1010
121	1011
123	1013
124	1014
125	1015
126	1016
127	1017
128	1018
129	1019
130	1020
131	1021
132	1022
133	1023
134	1024
135	1025
136	1026
137	1027
138	1028
19	1028
43	1027
20	1026
21	1025
22	1024
23	1023
24	1022
25	1021
26	1020
27	1019
28	1018
29	1017
30	1016
31	1015
33	1013
35	1011
36	1010
37	1009
38	1008
39	1007
40	1006
41	1005
19	332
43	333
20	334
21	335
22	336
23	337
24	338
25	339
26	340
27	341
28	342
29	343
31	345
32	346
33	347
34	348
35	349
36	350
37	351
38	352
39	353
40	354
41	355
42	356
0	357
1	358
2	359
3	360
4	361
5	362
6	363
7	364
8	459
9	365
17	366
10	367
18	368
11	369
12	370
13	371
14	372
15	373
108	376
109	377
110	378
111	379
112	380
113	381
114	382
115	383
116	384
117	385
118	386
119	460
120	387
121	388
122	389
123	390
124	391
125	392
126	393
127	394
128	395
129	396
130	397
131	398
132	399
134	401
135	402
136	461
137	403
138	404
19	458
43	457
20	456
21	455
22	454
23	453
24	452
25	451
26	450
27	449
28	448
29	447
30	446
31	445
32	444
33	443
34	442
35	441
36	440
37	439
38	438
39	437
40	436
42	434
0	433
1	432
2	431
3	430
4	429
5	428
6	427
7	426
8	425
9	424
17	423
10	422
18	421
11	420
12	419
13	418
14	417
15	416
16	415
107	414
108	413
109	412
110	411
111	410
112	409
113	408
114	407
115	406
116	405
117	404
118	403
119	461
121	401
123	399
124	398
125	397
126	396
127	395
128	394
129	393
130	392
131	391
132	390
133	389
134	388
135	387
136	460
139	462
140	463
141	464
142	465
143	466
144	467
145	468
146	469
147	470
148	471
149	472
150	473
151	474
152	475
153	476
154	477
155	478
156	479
157	480
158	481
159	482
160	483
161	484
162	485
163	486
164	487
165	488
166	489
167	490
168	491
169	492
170	493
171	494
172	495
173	496
174	497
175	498
176	499
177	500
178	501
179	502
180	503
181	504
182	505
183	506
184	507
185	508
186	995
187	510
188	511
189	512
190	513
191	514
192	515
193	516
194	517
195	518
196	519
197	520
198	994
199	521
200	522
201	523
202	524
203	525
204	526
205	527
206	528
207	530
208	531
209	532
210	533
211	534
212	535
213	536
214	537
215	538
216	993
217	992
218	539
219	540
220	541
221	542
222	543
223	544
224	545
225	546
226	547
227	548
228	549
229	550
230	552
231	553
232	555
233	557
234	558
235	559
236	560
237	561
238	562
239	563
240	564
241	565
242	566
243	567
244	568
245	569
246	570
247	571
248	572
249	573
250	574
251	575
252	576
253	577
254	578
255	579
256	580
257	581
258	582
259	583
260	584
261	585
262	586
263	587
264	588
265	589
266	590
267	591
268	592
269	593
270	594
271	595
272	596
273	597
274	598
275	599
276	1181
277	600
278	601
279	602
280	603
281	604
282	605
283	606
284	607
285	609
286	610
287	612
288	613
289	614
290	990
291	615
292	616
293	617
294	618
295	619
296	621
297	622
298	623
299	624
300	625
301	626
302	627
303	628
304	629
305	630
306	631
307	632
308	634
309	635
310	636
311	637
312	638
313	639
314	640
315	641
316	642
317	643
318	644
319	645
320	646
321	647
139	648
140	649
141	650
142	651
143	652
144	653
145	654
146	655
147	656
148	657
149	658
150	659
151	989
152	660
153	661
154	662
155	663
156	664
157	665
158	666
159	667
160	668
161	669
162	670
163	671
164	672
166	674
167	675
168	676
169	677
170	678
171	679
172	680
174	682
176	684
177	685
179	687
180	688
181	689
182	690
183	691
184	692
185	693
186	694
322	695
188	697
189	698
190	699
191	700
192	701
193	702
194	988
195	987
196	703
197	704
198	705
199	706
200	707
201	708
202	986
203	709
204	985
205	710
206	711
323	712
207	713
208	714
209	715
210	716
211	717
212	984
213	718
214	719
215	720
216	721
217	722
218	723
219	724
220	725
222	727
223	728
224	729
225	730
226	731
227	732
228	733
229	734
324	983
230	735
231	736
232	738
325	739
233	740
234	741
235	982
236	742
237	743
238	744
239	981
240	745
241	980
243	747
244	748
245	749
246	750
247	751
248	752
249	753
250	754
251	755
252	756
253	757
254	758
255	759
256	760
257	761
258	762
259	763
261	765
262	766
263	767
264	768
265	769
266	979
267	770
268	978
269	771
270	772
271	773
272	977
273	774
274	775
275	776
276	777
277	778
279	780
326	781
280	782
281	783
282	784
283	785
284	786
327	787
285	788
286	789
328	790
287	791
288	792
289	793
291	794
292	795
293	796
295	975
329	798
296	799
297	800
298	801
300	803
301	804
302	805
303	974
304	806
305	973
306	807
307	808
330	972
308	809
309	810
310	811
311	812
312	813
313	971
315	814
316	815
317	816
318	817
319	818
320	819
321	820
142	969
143	824
145	826
146	827
147	968
148	828
149	829
150	830
152	967
153	832
154	833
155	834
156	835
157	836
158	837
159	838
160	839
161	840
162	841
163	842
164	843
165	844
166	845
167	846
168	847
169	848
170	849
171	966
172	965
173	964
174	963
175	850
176	851
177	852
178	853
179	854
180	855
181	856
182	857
183	858
184	859
185	860
186	861
322	862
187	863
188	864
189	865
190	866
191	867
192	868
193	869
194	870
195	1182
196	871
197	962
198	872
199	873
200	874
201	875
202	876
203	877
204	878
205	879
206	880
323	881
207	882
208	1183
209	961
210	883
211	884
212	885
213	886
214	887
215	888
217	890
218	891
219	892
220	893
221	894
222	895
223	960
224	896
225	897
226	959
227	898
228	899
229	900
324	901
230	902
231	903
232	958
325	905
233	906
234	907
235	908
236	909
237	957
238	956
239	910
240	911
241	912
242	913
243	914
244	915
245	916
246	917
247	955
248	918
249	954
250	953
251	919
252	952
253	951
254	950
255	949
256	948
257	947
258	946
259	945
260	944
261	943
262	942
263	941
264	940
265	939
266	938
267	937
268	936
269	935
270	934
271	933
272	932
273	931
274	930
275	929
276	928
277	927
278	926
279	925
326	924
280	923
281	922
282	921
283	920
284	462
327	463
285	464
286	465
328	466
287	467
288	468
289	469
290	470
291	471
292	472
293	473
294	474
295	475
329	476
296	477
297	478
298	479
299	480
300	481
301	482
302	483
303	484
304	485
305	486
306	487
307	488
330	489
308	490
309	491
310	492
311	493
312	494
313	495
314	496
315	497
316	498
317	499
318	500
319	501
320	502
139	503
140	502
141	501
142	500
143	499
144	498
145	497
146	496
148	494
149	493
150	492
151	491
152	490
156	486
157	485
158	484
159	483
160	482
161	481
162	480
165	477
166	476
167	475
168	474
169	473
170	472
171	471
172	470
174	468
176	466
177	465
178	464
179	463
180	462
181	920
182	921
183	922
184	923
185	924
186	925
322	926
187	927
188	928
189	929
190	930
191	931
192	932
193	933
194	934
195	935
196	936
197	937
198	938
200	940
201	941
203	943
204	944
205	945
206	946
323	947
207	948
208	949
209	950
210	951
211	952
212	919
213	953
215	918
216	955
218	916
219	915
220	914
221	913
222	912
223	911
224	910
225	956
226	957
227	909
228	908
229	907
324	906
230	905
331	904
325	902
233	901
234	900
235	899
236	898
237	959
238	897
239	896
240	960
241	895
242	894
243	893
244	892
245	891
246	890
247	889
248	888
249	887
250	886
251	885
252	884
253	883
254	961
255	1183
256	882
257	881
258	880
259	879
260	878
261	877
262	876
263	875
265	873
266	872
267	962
268	871
269	1182
270	870
271	869
272	868
273	867
274	866
275	865
276	864
277	863
278	862
279	861
326	860
280	859
281	858
282	857
283	856
284	855
327	854
285	853
286	852
328	851
287	850
288	963
289	964
290	965
291	966
292	849
293	848
294	847
295	846
329	845
296	844
297	843
298	842
299	841
302	838
303	837
304	836
305	835
306	834
307	833
330	832
308	967
309	831
310	830
311	829
312	828
313	968
314	827
315	826
316	825
317	824
318	969
319	823
320	822
321	821
139	820
140	819
141	818
143	816
144	815
145	814
147	971
148	813
149	812
150	811
151	810
152	809
153	972
154	808
155	807
156	973
157	806
158	974
159	805
160	804
161	803
162	802
163	801
164	800
165	799
166	798
167	975
168	797
169	796
170	795
171	794
172	976
175	791
176	790
177	789
178	788
179	787
180	786
181	785
182	784
183	783
184	782
185	781
186	780
322	779
187	778
188	777
189	776
190	775
191	774
192	977
193	773
194	772
195	771
196	978
197	770
198	979
199	769
200	768
201	767
203	765
204	764
206	762
323	761
207	760
208	759
209	758
210	757
211	756
212	755
213	754
214	753
215	752
217	750
218	749
219	748
220	747
221	746
222	980
223	745
224	981
225	744
226	743
227	742
228	982
229	741
324	740
230	739
231	738
331	737
232	736
325	735
233	983
234	734
235	733
236	732
237	731
238	730
239	729
240	728
241	727
242	726
243	725
244	724
245	723
246	722
247	721
248	720
249	719
250	718
251	984
252	717
253	716
254	715
255	714
256	713
257	712
258	711
259	710
260	985
261	709
262	986
264	707
265	706
266	705
267	704
268	703
269	987
270	988
271	702
272	701
273	700
274	699
275	698
276	697
277	696
278	695
279	694
326	693
280	692
281	691
282	690
283	689
284	688
327	687
285	686
328	684
287	683
288	682
289	681
290	680
291	679
293	677
294	676
295	675
329	674
297	672
298	671
299	670
300	669
301	668
302	667
303	666
304	665
305	664
306	663
307	662
330	661
308	660
309	989
310	659
311	658
312	657
313	656
314	655
315	654
316	653
317	652
318	651
319	650
320	649
321	648
139	647
140	646
141	645
142	644
143	643
144	642
145	641
146	640
147	639
148	638
149	637
150	636
151	635
152	634
153	633
154	632
155	631
156	630
157	629
158	628
160	626
161	625
162	624
163	623
164	622
165	621
166	620
167	619
168	618
169	617
170	616
171	615
172	990
173	614
174	613
175	612
176	611
177	610
178	609
179	608
180	607
181	606
182	605
183	604
184	603
185	991
186	602
322	601
187	600
188	1181
189	599
190	598
191	597
192	596
193	595
194	594
195	593
196	592
197	591
198	590
199	589
200	588
201	587
203	585
205	583
206	582
323	581
207	580
208	579
209	578
210	577
211	576
212	575
213	574
214	573
215	572
216	571
217	570
218	569
219	568
220	567
222	565
223	564
224	563
225	562
226	561
227	560
228	559
229	558
324	557
230	556
231	555
331	554
325	552
233	551
234	550
235	549
236	548
237	547
238	546
239	545
240	544
241	543
242	542
243	541
244	540
245	539
246	992
247	993
248	538
249	537
250	536
251	535
252	534
253	533
254	532
255	531
256	530
257	529
258	528
259	527
260	526
261	525
262	524
263	523
264	522
265	521
266	994
267	520
268	519
269	518
270	517
271	516
272	515
273	514
274	513
275	512
276	511
277	510
278	509
279	995
326	508
280	507
281	506
282	505
283	504
284	503
327	502
285	501
286	500
328	499
287	498
288	497
289	496
290	495
291	494
292	493
293	492
295	490
329	489
296	488
297	487
298	486
299	485
300	484
301	483
302	482
303	481
304	480
305	479
306	478
307	477
330	476
308	475
309	474
310	473
311	472
312	471
313	470
314	469
315	468
316	467
317	466
318	465
319	464
320	463
321	462
332	462
333	463
334	464
335	465
336	466
337	467
338	468
339	469
340	470
341	471
342	472
343	473
344	474
345	475
346	476
347	477
348	478
349	479
350	480
351	481
352	482
353	483
354	484
355	485
356	486
357	487
358	488
359	489
360	490
361	491
362	492
363	493
364	494
365	496
366	497
367	498
368	499
369	500
370	501
371	502
372	503
373	504
374	505
375	506
376	507
377	508
378	995
379	509
380	510
381	511
382	512
383	513
384	514
385	515
386	516
387	518
388	519
389	520
390	994
391	521
392	522
393	523
394	524
395	525
396	526
397	527
398	528
399	529
400	530
401	531
402	532
403	534
404	535
405	536
406	537
407	538
408	993
409	992
410	539
411	540
412	541
413	542
414	543
415	544
416	545
417	546
418	547
419	548
420	549
421	550
422	551
423	552
424	553
425	554
426	555
427	556
428	557
429	558
430	559
431	560
432	561
433	562
434	563
435	564
436	565
437	566
438	567
439	568
440	569
441	570
442	571
443	572
444	573
445	574
446	575
447	576
448	577
449	578
450	579
451	580
452	581
453	582
454	583
455	584
456	585
457	586
458	587
332	588
333	589
334	590
335	591
336	592
337	593
338	594
339	595
341	597
342	598
343	599
344	1181
345	600
346	601
347	602
348	991
349	603
350	604
351	605
352	606
353	607
354	608
355	609
356	610
357	611
358	612
359	613
360	614
361	990
362	615
363	616
364	617
459	618
365	619
366	620
367	621
368	622
369	623
370	624
371	625
372	626
373	627
374	628
375	629
376	630
378	632
379	633
380	634
381	635
382	636
383	637
384	638
385	639
386	640
460	641
387	642
388	643
389	644
391	646
392	647
393	648
394	649
395	650
396	651
397	652
398	653
399	654
400	655
401	656
402	657
403	659
404	989
405	660
406	661
407	662
408	663
409	664
410	665
411	666
412	667
413	668
414	669
415	670
416	671
417	672
418	673
419	674
420	675
421	676
422	677
423	678
424	679
425	680
426	681
427	682
428	683
429	684
430	685
431	686
432	687
433	688
434	689
435	690
436	691
437	692
438	693
439	694
440	695
441	696
442	697
443	698
444	699
445	700
446	701
447	702
448	988
449	987
450	703
451	704
452	705
453	706
454	707
456	986
457	709
458	985
332	710
333	711
334	712
335	713
336	714
337	715
338	716
339	717
341	718
342	719
343	720
344	721
345	722
346	723
347	724
348	725
349	726
350	727
351	728
352	729
353	730
354	731
355	732
356	733
357	734
358	983
359	735
360	736
361	737
362	738
363	739
364	740
459	741
365	982
366	742
367	743
368	744
369	981
370	745
371	980
372	746
373	747
374	748
375	749
376	750
377	751
378	752
379	753
380	754
381	755
382	756
383	757
384	758
385	759
386	760
460	761
387	762
388	763
389	764
390	765
391	766
392	767
393	768
394	769
395	979
396	770
397	978
398	771
399	772
400	773
401	977
402	774
403	776
404	777
405	778
406	779
407	780
408	781
409	782
410	783
411	784
412	785
413	786
414	787
415	788
416	789
417	790
418	791
427	798
428	799
429	800
430	801
431	802
432	803
433	804
434	805
435	974
436	806
437	973
438	807
439	808
440	972
441	809
442	810
443	811
444	812
445	813
446	971
447	970
448	814
449	815
450	816
451	817
452	818
453	819
454	820
455	821
456	822
457	823
458	969
332	824
333	825
334	826
335	827
336	968
337	828
338	829
339	830
341	967
342	832
343	833
344	834
345	835
346	836
347	837
348	838
349	839
350	840
351	841
352	842
353	843
354	844
355	845
356	846
357	847
358	848
359	849
360	966
361	965
362	964
363	963
364	850
459	851
365	852
366	853
367	854
368	855
369	856
370	857
371	858
372	859
373	860
374	861
375	862
376	863
377	864
378	865
379	866
380	867
381	868
382	869
383	870
384	1182
385	871
386	962
460	872
387	873
388	874
389	875
390	876
391	877
392	878
393	879
394	880
395	881
396	882
397	1183
398	961
399	883
400	884
401	885
402	886
403	888
404	889
405	890
406	891
407	892
409	894
410	895
411	960
412	896
413	897
414	959
415	898
416	899
417	900
418	901
419	902
420	903
421	904
422	958
423	905
424	906
425	907
426	908
427	909
428	957
429	956
430	910
431	911
432	912
433	913
434	914
435	915
437	917
438	955
439	918
440	954
441	953
442	919
443	952
444	951
445	950
446	949
447	948
448	947
449	946
450	945
451	944
452	943
453	942
454	941
455	940
456	939
457	938
458	937
332	920
333	921
334	922
335	923
336	924
337	925
338	926
339	927
341	929
342	930
343	931
344	932
345	933
346	934
347	935
348	936
349	937
350	938
351	939
352	940
353	941
354	942
355	943
356	944
357	945
358	946
359	947
360	948
361	949
362	950
363	951
364	952
459	919
365	953
366	954
367	918
368	955
369	917
370	916
371	915
372	914
373	913
374	912
375	911
376	910
377	956
378	957
379	909
380	908
381	907
382	906
383	905
384	958
385	904
386	903
460	902
387	901
388	900
389	899
390	898
391	959
392	897
393	896
394	960
395	895
396	894
397	893
398	892
399	891
400	890
401	889
402	888
461	887
403	886
404	885
405	884
406	883
407	961
408	1183
409	882
410	881
411	880
412	879
413	878
414	877
415	876
416	875
417	874
418	873
419	872
420	962
421	871
422	1182
423	870
424	869
426	867
427	866
428	865
429	864
430	863
431	862
432	861
433	860
434	859
435	858
436	857
437	856
438	855
439	854
440	853
441	852
442	851
443	850
444	963
445	964
446	965
447	966
448	849
449	848
450	847
451	846
452	845
453	844
454	843
455	842
456	841
457	840
458	839
332	838
333	837
334	836
335	835
336	834
337	833
338	832
339	967
340	831
342	829
344	968
345	827
346	826
347	825
348	824
349	969
352	821
354	819
355	818
356	817
359	814
360	970
361	971
362	813
363	812
459	810
365	809
366	972
367	808
368	807
369	973
370	806
371	974
372	805
373	804
374	803
375	802
376	801
377	800
378	799
379	798
380	975
381	797
382	796
383	795
384	794
385	976
386	793
460	792
387	791
388	790
389	789
390	788
391	787
392	786
393	785
394	784
395	783
396	782
397	781
398	780
399	779
400	778
401	777
402	776
461	775
403	774
404	977
405	773
406	772
407	771
408	978
409	770
410	979
411	769
412	768
413	767
414	766
415	765
416	764
417	763
418	762
419	761
420	760
421	759
422	758
423	757
424	756
425	755
426	754
427	753
428	752
429	751
430	750
431	749
432	748
433	747
434	746
435	980
436	745
437	981
440	742
441	982
442	741
443	740
444	739
445	738
446	737
447	736
448	735
449	983
450	734
451	733
452	732
453	731
454	730
455	729
456	728
457	727
458	726
332	725
333	724
334	723
335	722
336	721
337	720
338	719
339	718
340	984
341	717
342	716
343	715
344	714
345	713
346	712
348	710
349	985
350	709
351	986
352	708
353	707
354	706
355	705
356	704
357	703
358	987
359	988
360	702
361	701
362	700
363	699
364	698
459	697
365	696
366	695
367	694
368	693
369	692
370	691
371	690
372	689
373	688
374	687
375	686
376	685
377	684
378	683
379	682
380	681
381	680
382	679
383	678
384	677
385	676
386	675
460	674
387	673
389	671
390	670
391	669
392	668
393	667
394	666
395	665
396	664
397	663
398	662
399	661
400	660
401	989
402	659
461	658
403	657
404	656
405	655
406	654
407	653
408	652
409	651
410	650
411	649
412	648
413	647
414	646
415	645
416	644
417	643
418	642
419	641
420	640
421	639
422	638
423	637
424	636
425	635
426	634
427	633
428	632
429	631
430	630
431	629
432	628
433	627
434	626
435	625
436	624
437	623
438	622
441	619
442	618
443	617
444	616
445	615
446	990
447	614
448	613
449	612
450	611
451	610
452	609
453	608
454	607
455	606
456	605
457	604
458	603
332	991
333	602
334	601
335	600
336	1181
337	599
338	598
339	597
340	596
341	595
342	594
343	593
344	592
345	591
346	590
347	589
348	588
349	587
350	586
351	585
352	584
353	583
354	582
355	581
356	580
357	579
358	578
359	577
360	576
361	575
362	574
363	573
364	572
459	571
365	570
366	569
367	568
368	567
369	566
370	565
371	564
372	563
373	562
374	561
375	560
376	559
377	558
378	557
379	556
380	555
381	554
382	553
383	552
384	551
385	550
386	549
460	548
387	547
388	546
389	545
390	544
391	543
392	542
393	541
394	540
395	539
396	992
397	993
398	538
399	537
400	536
401	535
402	534
461	533
403	532
404	531
405	530
406	529
407	528
408	527
409	526
410	525
411	524
412	523
413	522
414	521
415	994
416	520
417	519
418	518
419	517
420	516
421	515
422	514
423	513
424	512
425	511
426	510
427	509
428	995
429	508
430	507
431	506
432	505
433	504
434	503
435	502
436	501
437	500
438	499
439	498
440	497
441	496
442	495
443	494
444	493
445	492
446	491
447	490
448	489
449	488
450	487
451	486
452	485
453	484
454	483
455	482
456	481
457	480
458	479
332	139
333	140
334	141
335	142
336	143
337	144
339	146
341	148
342	149
343	150
344	151
345	152
346	153
347	154
348	155
349	156
350	157
351	158
352	159
353	160
354	161
355	162
356	163
357	164
358	165
359	166
360	167
361	168
362	169
363	170
364	171
365	173
366	174
367	175
368	176
369	177
370	178
371	179
372	180
373	181
374	182
375	183
376	184
377	185
378	186
379	322
380	187
381	188
382	189
383	190
384	191
385	192
386	193
460	194
387	195
388	196
389	197
390	198
391	199
392	200
393	201
394	202
395	203
396	204
397	205
398	206
399	323
400	207
401	208
402	209
461	210
403	211
404	212
405	213
406	214
407	215
408	216
409	217
410	218
411	219
412	220
413	221
414	222
415	223
416	224
417	225
418	226
419	227
420	228
421	229
422	324
423	230
424	231
426	232
427	325
428	233
430	235
431	236
432	237
433	238
434	239
435	240
436	241
437	242
438	243
439	244
440	245
441	246
442	247
443	248
444	249
445	250
446	251
447	252
449	254
450	255
451	256
452	257
453	258
454	259
455	260
456	261
457	262
458	263
332	321
333	320
334	319
335	318
336	317
337	316
338	315
339	314
340	313
341	312
342	311
343	310
344	309
345	308
346	330
347	307
348	306
350	304
352	302
354	300
355	299
356	298
357	297
358	296
359	329
360	295
361	294
362	293
363	292
364	291
459	290
365	289
367	287
369	286
370	285
371	327
372	284
376	280
378	279
385	272
386	271
387	269
388	268
389	267
391	265
392	264
394	262
398	258
399	257
400	256
401	255
402	254
461	253
403	252
404	251
406	249
407	248
408	247
409	246
410	245
411	244
412	243
413	242
414	241
415	240
416	239
417	238
418	237
419	236
420	235
423	325
424	232
426	231
427	230
428	324
429	229
430	228
431	227
432	226
433	225
436	222
438	220
439	219
440	218
442	216
444	214
445	213
446	212
448	210
449	209
450	208
451	207
452	323
453	206
454	205
455	204
458	201
332	996
333	997
335	999
336	1000
337	1001
338	1002
339	1003
340	1004
341	1005
342	1006
343	1007
344	1008
345	1009
346	1010
347	1011
348	1012
349	1013
350	1014
351	1015
353	1017
354	1018
355	1019
363	1027
364	1028
365	1184
366	1030
367	1031
368	1032
369	1033
370	1034
371	1035
373	1036
374	1037
375	1038
376	1039
377	1040
378	1041
379	1042
380	1043
381	1186
382	1044
384	1187
386	1046
460	1047
387	1048
388	1049
389	1050
390	1051
391	1052
392	1053
393	1054
394	1055
398	1059
399	1189
400	1190
403	1063
407	1067
408	1068
411	1070
413	1072
414	1073
415	1074
416	1075
417	1076
418	1077
419	1078
420	1079
421	1080
422	1081
423	1082
424	1083
425	1084
427	1085
429	1087
430	1088
431	1089
432	1090
433	1091
434	1092
435	1093
437	1095
438	1096
439	1097
440	1098
441	1099
442	1100
443	1101
444	1102
446	1104
447	1105
448	1106
453	1111
454	1112
457	1115
458	1116
332	1175
333	1176
334	1177
335	1178
336	1179
337	1180
338	1174
339	1173
340	1172
341	1171
342	1170
343	1169
344	1168
349	1163
350	1162
351	1161
352	1160
353	1159
354	1158
355	1157
356	1156
357	1155
359	1153
360	1152
362	1150
459	1147
365	1192
366	1146
367	1145
368	1144
369	1143
370	1142
371	1141
373	1139
374	1138
375	1137
376	1136
377	1135
378	1134
379	1133
380	1132
381	1131
382	1130
383	1129
384	1128
385	1127
460	1125
387	1124
388	1123
389	1122
390	1121
391	1120
392	1119
393	1118
394	1117
395	1116
396	1115
397	1114
398	1113
399	1112
400	1111
401	1110
402	1109
461	1108
403	1107
404	1106
405	1105
406	1104
407	1103
408	1102
409	1101
410	1100
411	1099
412	1098
413	1097
414	1096
415	1095
416	1094
417	1093
418	1092
419	1091
420	1090
421	1089
422	1088
423	1087
424	1086
425	1085
426	1193
427	1084
428	1083
429	1082
430	1081
431	1080
432	1079
433	1078
434	1077
435	1076
436	1075
437	1074
438	1073
439	1072
440	1071
441	1070
442	1191
443	1069
444	1068
445	1067
446	1066
448	1064
449	1063
450	1062
451	1061
452	1060
453	1190
454	1189
455	1059
456	1058
457	1057
458	1056
