1218	1436	1
1580	2641	1
549	2285	1
2215	2469	1
2734	1513	0
33	2075	0
296	618	0
1461	1426	0
1641	1726	1
684	1436	1
2220	1698	0
2214	1329	1
917	127	1
2215	837	1
1544	649	1
1544	1219	1
2760	736	0
1580	430	1
1544	2676	1
1954	1405	0
987	1039	0
521	1936	0
119	2386	0
1404	1178	0
1763	488	1
549	206	1
1871	1892	1
1993	163	0
1378	1918	0
516	1778	1
1461	1940	0
2637	127	1
1572	1294	0
87	718	0
1544	1783	1
951	913	0
1849	173	0
1854	1165	0
744	2127	1
166	2076	0
94	742	0
2151	1652	0
2024	1113	0
2762	887	0
2215	1481	1
1828	2439	0
2102	2540	0
594	1857	0
2606	414	0
279	91	0
271	17	0
477	72	0
464	448	0
1595	127	1
2156	2749	1
691	1202	1
2365	2538	0
957	1150	1
563	1905	0
1946	965	0
1647	127	1
1077	2417	1
749	2102	0
1202	1440	0
1204	1761	0
444	2571	1
2759	2766	0
2331	1286	0
1544	1972	1
1897	2190	0
650	869	0
1544	1093	1
674	2603	0
2439	418	0
2632	2285	0
1651	286	0
31	446	0
2040	2646	0
768	2127	1
1283	1221	0
858	1421	1
69	2136	1
264	1663	0
965	2693	0
178	127	1
1580	2375	1
2454	1837	0
688	2734	0
1180	135	1
1315	1436	1
474	826	0
767	1440	0
1918	2497	0
1496	307	1
1238	13	0
1655	952	1
108	1935	0
2652	2415	0
2361	952	1
2549	127	0
454	2127	1
1285	2085	0
1345	1087	0
58	2112	0
523	127	1
304	581	1
2121	2509	0
623	594	0
442	100	1
1027	2716	0
1676	1140	0
2040	1663	0
2214	2077	1
1808	821	0
2338	24	0
1	890	0
1285	1941	1
1729	1436	1
2528	1165	0
1117	120	0
2535	318	0
1863	1550	0
910	1285	1
1549	307	1
1544	194	1
324	1139	1
1072	1259	0
100	797	1
84	786	0
1243	1518	0
1180	2366	1
1742	797	1
1150	2033	1
834	2113	0
2214	2407	1
71	127	1
2306	2420	0
876	988	0
561	2255	0
718	934	0
1636	398	1
1180	1040	1
2041	341	0
2631	1561	0
1544	1951	1
1516	1504	0
623	2656	0
361	1297	0
1544	2755	1
2549	100	1
913	1791	0
2538	127	1
447	1476	1
2679	500	1
277	100	1
1867	2623	0
2215	1791	1
466	1657	0
1454	772	0
1654	319	0
1544	1600	1
2215	2558	1
1586	127	1
2131	398	1
143	1587	0
330	577	0
1180	1732	1
1029	1447	1
2382	1492	0
1595	94	0
2425	1139	1
1837	455	0
1285	1621	1
2419	2354	1
2714	2214	1
2087	1203	0
1421	1544	0
1486	1038	1
2215	2058	1
1554	921	0
683	1436	1
1074	2423	0
1656	127	1
554	690	0
1936	2570	0
1543	375	1
882	127	1
2322	952	1
1798	928	1
800	2136	1
2143	1058	0
72	1724	0
275	127	1
1282	2695	0
143	2513	0
1232	2070	0
1070	476	0
452	1683	0
1420	411	0
898	746	0
2348	546	0
1285	849	1
1544	1221	1
2162	952	1
2343	127	1
2537	1472	0
1897	1572	0
1455	1201	0
2043	866	0
791	106	0
423	857	0
2065	332	0
2378	737	0
1805	1837	0
1677	756	1
1934	1581	0
270	1817	0
405	899	0
1077	2303	1
2549	2759	0
59	1399	1
1180	254	1
480	292	0
771	674	0
1730	1551	0
2638	2756	0
239	836	0
1544	1066	1
1098	1329	0
1689	304	0
745	2144	0
910	1668	1
2340	943	0
1433	2559	0
1892	632	1
545	857	0
1081	1416	1
1285	2445	1
2215	1171	1
2458	2136	1
1429	429	0
2552	2214	1
59	2694	1
1938	2452	0
1658	1098	0
1077	283	1
429	201	0
833	593	0
2214	2632	1
2331	1430	0
156	1400	0
561	1139	1
906	1874	0
1104	690	0
1544	2631	1
606	1561	0
1544	2494	1
1774	1771	0
1918	2394	0
1544	25	1
1126	1932	0
1704	1169	0
1344	127	1
1968	833	0
1544	1853	1
649	1403	0
2011	1141	0
798	2331	0
2640	1791	0
673	1325	0
1636	1982	1
1081	2507	1
127	2630	1
1615	1869	0
732	1051	0
1580	179	1
244	1828	0
1544	1301	1
2621	127	1
2305	127	1
2298	955	1
2122	1983	0
2044	127	1
2466	528	0
1789	2089	0
369	216	1
2757	756	1
1150	671	1
180	1689	0
2146	1892	1
1746	2043	0
1126	2013	0
1640	1842	0
1081	391	1
531	389	0
1491	1126	0
1544	1569	1
1006	332	0
1580	1227	1
1059	1913	1
1350	1150	1
49	2214	1
139	1198	0
1285	959	1
1741	2560	0
1352	2680	1
2011	1502	0
1150	32	1
1285	1683	1
1064	127	1
1025	1279	0
328	1436	1
1700	856	0
2215	776	1
797	1971	0
2394	2623	0
2215	517	1
50	2696	0
2215	2330	1
1160	9	0
1763	1352	1
298	928	1
1504	1403	0
1190	2237	0
2639	429	0
1676	1436	1
2374	307	1
1615	2561	0
549	757	1
1261	619	0
2605	2159	0
59	1489	1
2495	703	0
2340	654	0
1643	1801	0
2603	1398	0
2361	127	1
1544	266	1
2214	1431	1
35	127	1
1544	285	1
182	2136	1
1905	758	0
635	139	0
2748	1436	1
2215	2182	1
1544	1510	1
1544	1786	1
2177	2681	0
2532	2386	0
50	2244	0
250	321	0
1544	2177	1
906	1051	0
923	1436	1
192	1235	1
1180	963	1
1550	127	1
1003	100	1
250	2303	0
1244	1007	0
1763	359	1
44	1280	0
733	2353	0
1937	127	1
109	1944	0
1791	1504	0
1763	374	1
549	474	1
623	57	0
1486	2124	1
577	594	0
1069	1094	0
1029	2063	0
127	918	0
1883	216	1
1757	2144	0
2254	298	0
1544	348	1
549	2671	1
727	1924	0
2359	2313	1
2582	1551	0
2452	2348	0
1165	1426	0
732	601	0
1417	127	1
549	1787	1
2627	2749	1
2021	35	0
192	1437	1
1601	127	1
394	2289	0
1007	463	0
761	1259	0
1313	1146	1
1544	1324	1
1243	1201	0
411	2456	1
1544	486	1
1842	2675	0
869	2404	0
2460	2749	1
1079	2057	0
2673	2137	1
1079	529	0
1240	319	1
1165	256	0
342	756	1
674	1616	0
604	1619	0
2645	1436	1
561	2014	0
425	127	1
2495	1202	0
2254	1764	0
1474	1432	0
1544	2728	1
260	2582	0
1729	2664	0
1915	944	0
1840	127	1
1544	491	1
2215	2677	1
1971	1637	0
1062	127	1
1564	299	0
655	1803	0
391	2146	1
59	2365	1
1240	879	1
78	127	1
497	2056	0
621	1579	0
1285	1912	1
2136	127	1
1602	1040	0
26	1067	0
1649	2440	0
1145	2156	0
1044	1770	0
1765	2066	0
69	2354	1
790	100	1
681	1436	1
2049	1421	1
1135	1689	0
2333	673	0
1076	407	0
1707	307	1
2475	1290	0
35	38	0
1486	1970	1
59	1419	1
1636	623	0
1244	127	1
1285	2263	1
1077	1443	1
1398	581	1
626	1007	0
1120	117	0
1387	2430	0
2137	1265	0
549	1707	1
1024	2108	0
2440	1405	0
59	1104	1
36	168	0
1318	127	1
1544	1498	1
333	1077	1
324	928	1
1808	2214	1
1077	1420	1
1301	1184	0
1285	1927	1
706	2394	0
1045	1382	0
1846	2741	0
67	127	1
2666	127	1
691	506	0
1929	804	0
549	1757	1
468	1310	0
1982	1982	1
1388	1077	1
1866	127	1
668	2671	0
1544	1253	1
1708	1259	0
147	351	0
1265	258	0
599	2354	1
1416	22	0
1293	1378	0
726	1394	0
1997	127	1
509	1564	0
578	954	0
1067	1830	0
1479	307	1
1673	2495	0
2558	2671	0
1295	2014	0
862	2646	0
1544	2191	1
1907	2398	0
1285	1572	1
1366	1242	0
1373	2136	1
2434	2127	1
1686	1690	0
1285	2662	1
1240	2451	1
735	1382	0
991	2417	0
59	988	1
1965	1724	0
2435	1637	0
549	416	1
1240	778	1
1849	2349	0
1180	2663	1
1849	94	0
1029	2228	1
312	127	1
2214	1792	1
1843	10	0
2362	1436	1
1352	2521	1
935	127	1
1544	2327	1
1421	2179	0
426	1528	0
2389	2601	0
1276	1436	1
468	2749	1
2536	2144	0
892	1915	0
1636	518	1
2461	1480	1
1972	85	0
307	307	1
1700	1508	0
1410	2497	0
371	1391	0
2076	127	1
2146	2456	1
1887	475	0
1544	430	1
1544	2344	1
549	503	1
396	2277	1
1256	1801	0
244	1437	0
457	2228	1
1121	904	0
1240	1639	1
363	2662	0
1197	358	0
710	1928	0
668	1350	0
2759	1283	0
2642	100	1
2215	114	1
1538	398	1
1117	952	1
1153	1301	0
1434	2360	0
230	1724	0
980	2315	0
2067	2105	0
1362	397	0
2180	324	0
59	2396	1
2340	1218	0
114	480	0
2634	1685	0
549	2249	1
1113	2589	0
1544	2216	1
710	127	1
333	2148	1
2688	1232	0
2439	1150	1
1129	1421	1
561	2266	0
1058	296	0
1139	1649	0
1362	864	0
2462	1292	0
1064	1477	0
2214	1384	1
1526	2517	0
1354	952	1
1738	2401	0
909	777	0
718	192	0
143	961	0
2704	952	1
1510	2694	0
422	1579	0
1139	127	1
898	1766	0
1664	127	1
783	796	0
1544	929	1
2029	31	0
1186	2749	1
388	1555	1
2411	127	1
2738	895	0
1126	2534	0
2289	2261	0
2673	712	1
2510	1099	0
238	780	0
998	127	1
534	1436	1
2333	314	0
1544	2762	1
880	127	1
1294	260	0
911	127	1
1198	458	0
618	324	0
722	2404	0
1560	1801	0
627	591	0
1162	1591	0
2214	737	1
675	1492	0
2090	866	0
1336	1056	0
472	1266	0
1215	1971	0
1580	910	1
2537	1942	0
2288	975	0
1721	2638	0
2588	2577	0
122	1103	0
2364	1139	1
147	425	0
895	1540	0
2632	1729	0
1377	594	0
326	1089	1
1660	2404	0
1104	1364	1
1761	1727	0
749	2469	0
468	1364	0
2133	1418	0
895	528	0
907	1391	0
467	2318	0
73	2462	1
201	2220	0
2065	1954	0
1607	749	0
2635	1224	0
549	1824	1
1136	2398	0
22	1592	0
729	1007	0
819	460	0
1845	1212	0
1173	375	1
27	1288	0
2647	493	0
2517	2575	0
2096	2390	0
707	718	0
846	700	0
1819	1544	0
1317	1193	0
876	976	0
1544	2692	1
1503	1905	0
1416	2131	1
1771	1354	0
1154	726	1
1308	127	1
2332	2510	0
1077	644	1
604	2054	0
91	8	0
1990	1436	1
1442	474	0
2640	506	0
59	117	1
2221	375	1
577	1391	0
2112	1208	0
2039	2618	0
1076	127	1
2192	722	0
1562	2608	1
1243	2538	0
1486	2519	1
1025	249	0
2385	1150	1
429	45	0
1180	233	1
2254	1794	0
1658	2159	0
1058	745	0
2624	2112	0
1077	583	1
2729	127	1
92	692	0
57	2249	0
1280	2127	1
876	1525	0
549	256	1
213	2646	0
851	2090	0
1687	127	1
1869	321	0
1562	627	1
549	399	1
2275	1922	0
1209	2122	0
2085	460	0
669	1436	1
871	127	1
1412	1532	0
176	2136	1
286	2288	0
1285	1532	1
273	2136	1
2031	286	0
1378	2343	0
2392	127	1
1285	1814	1
2353	1701	0
1486	2423	1
2188	726	0
718	528	0
2550	1211	0
1083	127	1
859	147	0
1916	1900	0
682	304	0
770	2446	0
229	1756	0
2286	2580	0
160	198	0
549	1747	1
549	2389	1
1455	756	1
398	632	1
1683	2264	0
1763	2720	1
59	2222	1
2631	133	0
1249	1436	1
1025	1982	0
1544	577	1
856	1299	0
2214	2507	1
2261	2490	0
2392	735	0
549	986	1
467	2495	0
1440	1955	0
1364	2388	0
1544	1503	1
1995	952	1
196	127	1
166	2334	0
232	610	1
675	1995	0
1994	928	1
1544	884	1
2249	834	0
2121	1472	0
1240	890	1
727	318	0
2249	321	0
1382	1421	1
2166	801	0
1859	2290	0
2248	1892	1
660	619	0
59	862	1
753	339	0
2550	1522	0
46	1513	0
1285	602	1
793	1517	0
328	1686	0
1285	877	1
870	1938	0
1271	127	1
1610	1511	0
1555	1555	1
1059	2298	1
1094	2247	0
1544	313	1
2742	928	1
59	991	1
831	122	0
1486	1700	1
168	1035	0
257	1436	1
2452	1797	0
2430	307	1
2062	637	0
867	1345	0
1316	127	1
709	1430	0
606	341	0
635	287	0
59	172	1
918	1944	0
954	1352	0
1544	790	1
900	2136	1
1310	354	0
326	2353	1
887	48	0
1224	29	0
2225	688	0
1580	2703	1
1076	1747	0
1224	1530	0
597	1127	0
1928	952	1
2490	869	0
1077	1113	1
1561	1321	0
1728	1765	0
1982	1892	1
1544	708	1
1345	341	0
549	2117	1
1044	1619	0
1180	1142	1
477	1039	0
2118	2145	0
811	2203	0
2462	1145	0
877	1629	0
109	1355	0
2506	2136	1
1282	2445	0
2415	127	1
1580	1201	1
2214	1714	1
2048	582	0
2010	375	1
1544	308	1
2355	2355	1
688	2636	0
737	2469	0
1178	1892	1
2214	1708	1
1685	1436	1
2237	2118	0
1084	2214	1
1544	167	1
2122	1070	0
967	1432	0
2445	1436	1
1044	318	0
1285	2229	1
1556	797	1
2489	1436	1
1636	1161	1
1367	1544	0
1763	2663	1
2323	127	1
1150	870	1
1544	1741	1
2584	1280	0
168	826	0
1544	1069	1
961	1421	1
549	2214	1
176	286	0
308	768	0
992	2121	0
1544	1736	1
1352	673	0
2507	2652	1
1758	1364	0
1728	2652	0
387	2561	0
2259	895	0
1579	791	0
1307	1436	1
1574	2285	0
549	1882	1
1416	698	1
1199	1145	0
1580	1489	1
2214	50	1
2394	1195	0
1580	642	1
1905	1052	0
1656	1614	0
549	1360	1
2215	1137	1
1356	1245	0
990	2571	0
1729	553	0
2353	747	0
2709	2636	0
163	1494	0
1127	564	0
1544	2307	1
181	2588	0
2731	2436	0
355	1035	0
1079	952	1
2045	2198	0
769	1436	1
1205	127	1
1617	1345	0
2749	797	1
1850	461	0
749	954	0
59	2145	1
1614	127	1
1729	2389	0
1883	2237	0
1257	503	0
1414	797	1
1562	975	0
2006	1436	1
1580	1562	1
1544	2543	1
1544	1134	1
673	1250	0
1357	953	0
1844	127	1
270	2347	0
1416	632	1
2315	1436	1
59	2612	1
191	1212	0
1285	398	1
1877	2162	0
100	2749	1
2654	463	0
2734	887	0
2640	1384	0
981	1919	0
1361	127	1
2383	1436	1
2143	18	0
1580	1225	1
487	127	1
2533	556	0
574	1892	0
1240	872	1
1207	1436	1
2203	89	0
880	1097	0
1944	1086	0
212	2550	0
286	2579	0
2444	2705	0
1544	724	1
785	890	0
1046	116	0
1656	898	0
1357	700	0
2544	2136	1
265	1689	0
255	127	1
1135	2734	0
1544	562	1
1544	2125	1
913	1022	0
677	1355	0
1783	487	0
1544	1310	1
2349	127	1
1009	29	0
1236	383	0
2412	1584	0
1432	1698	0
958	2265	0
2720	1240	1
1946	2456	0
2214	486	1
1454	1946	0
2166	939	0
157	917	0
1544	99	1
979	127	1
1022	84	0
145	127	1
1771	2567	0
1680	681	0
1770	1447	1
1902	1285	1
508	1293	0
673	1293	0
2143	2354	1
1501	1356	0
459	1924	0
1282	1326	0
2076	171	0
1384	1200	0
1544	2326	1
1580	851	1
503	435	0
1207	2671	0
549	265	1
1544	2639	1
1872	797	1
1021	2136	1
1285	2076	1
1627	1892	1
783	127	1
2759	2303	0
1544	2459	1
2382	127	1
6	1246	0
695	826	0
1486	2394	1
726	1838	0
1759	2145	1
1490	2191	0
1616	1436	1
501	411	0
2214	1615	1
129	1836	0
440	764	0
407	700	0
1544	820	1
2639	1436	1
2177	1989	0
472	1429	0
813	2192	0
1551	1551	1
2118	2280	0
1486	1661	1
2553	1938	0
46	127	1
1916	2466	0
1831	891	0
2747	1823	0
466	2748	0
343	2671	0
203	913	0
1929	2606	0
1782	961	0
136	2635	0
578	2577	0
1670	1925	1
1992	117	0
1763	1732	1
939	1915	0
1106	818	0
691	2259	0
1240	1815	1
1276	1100	0
2243	127	1
474	965	0
2045	2113	0
2744	531	0
1536	2368	0
1404	318	0
1718	1286	1
1338	2354	1
2764	127	1
2716	804	0
901	127	1
1761	1803	0
474	515	0
2668	797	1
1698	958	0
1205	2206	0
1478	127	1
1450	2354	1
2439	1725	0
1762	2192	0
1366	870	0
446	1657	0
1486	2432	1
465	964	0
2201	112	0
2041	1493	0
2150	731	0
2681	204	0
1111	2122	0
2762	1046	0
122	2726	0
1113	736	0
2634	1294	0
2248	398	1
59	461	1
753	894	0
2433	2303	0
350	257	0
1326	1539	0
1498	1150	1
964	1150	1
1477	2331	0
1150	2545	1
1946	307	1
319	2676	0
1544	2205	1
674	2595	0
183	176	0
180	913	0
2237	1679	0
2748	2065	0
1078	127	1
1842	97	0
740	1139	1
2214	2161	1
440	1100	0
1285	1962	1
2062	249	0
467	1280	0
487	1319	0
2195	1882	0
549	48	1
1243	740	0
549	1047	1
772	543	0
2215	174	1
2725	1619	0
549	1648	1
860	928	1
703	358	0
2412	2136	1
2192	1114	0
2705	952	1
2405	1436	1
2146	1081	1
137	2136	1
1291	2645	0
60	127	1
1511	1798	0
1544	1891	1
884	955	1
1061	2201	0
33	1753	0
679	1502	0
59	2063	1
2602	2136	1
1285	229	1
1602	921	0
1660	1285	1
1645	500	1
1604	1715	0
2477	1100	0
2144	972	0
2220	1971	0
621	2308	0
2126	1333	0
1240	843	1
2452	2539	0
2392	2277	0
1346	2446	0
1544	158	1
2237	1665	0
1175	307	1
1544	1466	1
1285	2468	1
1713	666	0
1745	1885	0
1414	453	0
2142	2430	0
1352	1824	1
1	2133	0
325	1421	1
1556	473	1
1135	1545	0
2078	2137	1
868	2061	0
1544	2626	1
519	2562	0
1544	195	1
1511	2254	0
1496	127	1
1006	2345	0
1536	392	0
1608	1695	0
1331	581	1
1299	127	1
1946	127	1
363	948	0
1085	1249	0
1885	883	0
1519	127	1
1897	2096	0
1674	1341	0
2737	2626	0
628	2214	1
1216	1454	0
2463	797	1
203	906	0
856	994	0
1055	2351	0
1850	1755	0
2132	1656	0
549	1101	1
707	163	0
1544	2123	1
682	760	1
2146	945	1
601	2501	0
549	1779	1
601	2731	0
795	2025	0
2618	2687	0
1846	1436	1
296	177	0
760	2239	0
2215	2655	1
2532	287	0
452	2354	1
117	1005	0
215	2466	0
2122	949	0
503	534	0
549	1704	1
1236	557	0
2632	335	0
432	2506	0
1544	1868	1
2365	1205	0
1544	2062	1
1568	954	0
1256	1812	0
2215	845	1
2465	127	1
320	2469	0
1285	351	1
549	346	1
1352	2366	1
2225	1894	0
557	966	0
2525	2366	0
340	1436	1
831	1979	0
2750	127	1
59	1731	1
107	585	0
59	2058	1
134	127	1
2304	2228	1
1166	307	1
2122	2337	0
896	1836	0
1025	1205	0
1595	1291	0
2062	8	0
497	2107	0
494	296	0
811	1737	0
1508	1607	0
159	1436	1
1333	1508	0
425	2266	0
2619	127	1
1282	719	0
1539	928	1
818	1436	1
822	928	1
1544	2646	1
1577	1526	0
782	823	0
704	704	1
22	804	0
2140	2525	0
1228	2214	1
1763	1639	1
812	413	0
706	1436	1
1866	1554	0
824	1595	0
1486	980	1
1544	2616	1
336	2340	0
535	1419	0
1544	1482	1
560	127	1
2654	127	1
1578	2132	0
2107	31	0
1790	127	1
2614	782	0
1819	158	0
894	2136	1
2492	1436	1
1733	127	1
1649	2408	0
549	121	1
1589	1165	0
160	418	0
1842	1671	0
1104	2121	0
1352	162	1
1520	1096	0
2725	2077	0
2589	474	0
1729	268	0
405	1299	0
1077	2449	1
2279	250	0
229	1059	0
1440	1719	0
1240	1948	1
2712	768	0
2048	928	1
284	2146	1
2710	1294	0
4	1139	1
1240	135	1
145	122	0
2065	1182	0
2560	1436	1
1690	466	0
2300	1504	0
1318	952	1
1724	1455	0
219	127	1
1790	2127	1
1849	137	0
1184	2256	0
2215	1715	1
2247	1801	0
691	59	1
2131	59	1
168	307	0
1150	969	1
1995	1088	0
2709	526	0
1352	2022	1
1544	1854	1
793	2108	0
1035	756	1
1205	307	1
85	793	0
17	2392	0
473	1061	0
825	299	0
190	2207	1
1322	1163	0
1285	76	1
35	2572	0
1716	1898	0
1817	1282	0
739	434	0
487	2622	0
1013	44	0
475	22	0
1305	127	1
1945	1926	0
9	127	1
1544	2268	1
965	638	0
2215	316	1
2347	2729	0
1521	127	1
2050	49	1
2271	260	0
1571	1002	0
59	870	1
1139	2392	0
59	1602	1
1005	1304	1
1935	802	0
1163	675	0
753	2614	0
2237	1520	0
2603	1561	0
1544	1861	1
1544	838	1
1764	1952	0
1016	1241	0
2579	1877	0
2693	1430	0
478	1139	1
736	724	0
1544	2114	1
1544	2108	1
467	127	1
1580	2428	1
268	586	0
1675	2223	0
26	2725	0
1958	1611	0
387	2646	0
2532	2766	0
2302	127	1
1084	1782	0
2100	127	1
2252	1922	0
1763	1815	1
412	1990	0
1107	1436	1
122	1194	0
594	577	0
1285	131	1
704	2214	1
1403	552	0
833	1830	0
1843	207	0
1227	1436	1
1956	1395	0
1285	2648	1
1757	157	0
1610	1380	0
2537	813	0
1746	1145	0
1441	375	1
1663	1656	0
1544	1582	1
868	183	0
1494	2532	0
883	1596	0
917	1853	0
1542	621	0
1216	1436	1
574	562	0
1777	1447	1
1135	952	1
895	1206	0
1544	2068	1
2747	957	0
2363	2749	1
496	2301	0
1544	573	1
432	2715	0
1430	2391	0
2666	1995	0
44	2266	0
230	1794	0
2268	615	0
2508	713	0
789	1477	0
1940	1436	1
2571	2296	0
1329	70	0
2507	2144	1
466	554	0
1331	1078	0
549	1359	1
2412	353	0
1240	1415	1
1713	1883	0
1274	1246	0
238	452	0
1058	818	0
469	740	0
1567	1232	0
179	2581	0
2082	2214	1
1044	127	1
632	2146	1
1419	409	0
716	29	0
413	47	0
133	952	1
2652	446	0
2014	815	0
2215	878	1
549	2421	1
2695	1139	1
1693	756	1
137	1436	1
1803	334	0
199	819	0
2510	1564	0
2230	2057	1
1486	867	1
2153	2417	0
970	1039	0
384	1574	0
1908	2331	0
906	1584	0
2658	127	1
2075	891	0
1892	411	1
1952	1150	1
745	1761	0
1029	2136	1
63	1436	1
2076	1561	0
1763	2022	1
2332	2363	0
1285	968	1
59	2675	1
156	1126	0
549	852	1
2454	2127	1
1414	2354	1
1133	715	0
1486	1454	1
1954	1297	0
1544	2532	1
1544	2201	1
857	2540	0
1320	464	0
1599	2513	0
1700	127	1
1544	531	1
2747	518	0
747	130	0
1208	1657	0
1178	59	1
1544	373	1
609	2071	0
2140	127	1
954	127	1
2490	2214	1
246	1436	1
59	639	1
1100	1983	0
1285	1819	1
59	2732	1
1527	1504	0
1113	2389	0
1848	2510	0
1165	1901	0
1474	2446	0
1544	1584	1
1584	2354	1
352	796	0
533	1668	1
2724	1436	1
906	2239	0
2215	1026	1
292	483	0
2219	127	1
5	127	1
1932	2600	0
1240	1230	1
1483	2228	1
549	987	1
2445	1139	1
1285	2117	1
2024	2054	0
824	1170	0
1892	272	1
1763	233	1
924	2581	0
1277	1139	1
37	307	1
2214	1888	1
2207	1849	1
2361	623	0
1630	304	0
2091	787	0
1085	2704	0
594	949	0
344	733	0
2215	2639	1
1580	1386	1
1170	2390	0
1486	1959	1
163	1209	0
261	693	0
1240	922	1
83	975	0
1246	2136	1
2196	307	1
1077	896	1
474	2537	0
1165	178	0
1125	1285	1
1544	11	1
481	952	1
1029	127	1
2215	2044	1
1292	2021	0
753	1900	0
549	1362	1
2369	127	1
2435	2749	1
1544	1751	1
2408	737	0
811	417	0
864	127	1
407	127	1
999	1436	1
34	1150	1
859	2066	0
2289	2336	0
1283	1291	0
2725	2308	0
1445	10	0
511	1436	1
1544	67	1
2766	1816	0
2021	1919	0
2077	2659	0
77	1493	0
1963	716	0
2271	250	0
2181	1508	0
540	992	0
42	127	1
1161	127	1
1180	1639	1
147	2517	0
530	2659	0
2134	318	0
1319	2214	1
719	1016	0
796	127	1
1544	2002	1
2182	2354	1
1636	2254	1
860	1044	0
2464	2273	0
1544	1440	1
1842	797	0
1792	582	0
1282	1848	0
873	1172	0
1526	1571	0
344	127	1
1985	2127	1
1094	1236	0
2289	1375	0
594	1207	0
1809	1474	0
2730	127	1
1345	2277	1
2260	1446	0
27	250	0
520	887	0
1494	1868	0
1965	1971	0
1079	1938	0
2215	887	1
168	590	0
1758	118	0
59	1306	1
1760	2618	0
1544	813	1
1257	230	0
2348	1406	0
1544	2257	1
1285	1643	1
1240	1033	1
1077	1603	1
1687	2417	0
2523	1007	0
2528	100	1
1445	1962	0
1734	451	0
2063	2369	0
1701	2406	0
2639	1466	0
1915	2142	0
1514	1150	1
2390	136	0
59	1495	1
2331	1402	0
258	549	1
2420	395	0
1765	2127	1
1544	98	1
239	1304	1
2215	1048	1
1563	1354	0
708	451	0
1077	913	1
549	759	1
1544	1149	1
1493	1234	0
1856	147	0
784	127	1
618	2277	1
1564	1668	1
1732	1794	0
1405	756	1
2365	551	0
1248	1436	1
1544	1566	1
2620	947	0
2063	1602	0
20	664	0
1285	1967	1
296	1100	0
1240	1960	1
562	2296	0
2326	420	0
307	2136	1
2747	1294	0
224	726	0
114	2289	0
867	1436	1
796	1821	0
2593	1795	0
692	2729	0
1240	378	1
1285	1020	1
204	2054	0
915	2028	0
304	127	1
2622	2510	0
1601	72	0
1015	1436	1
635	1730	0
999	1526	0
1275	1625	0
1742	127	1
975	105	0
835	2177	0
606	824	0
493	590	0
455	127	1
1180	2680	1
2221	1139	1
1486	1530	1
1782	2107	0
793	2345	0
2528	695	0
33	1569	0
1352	1815	1
2214	2000	1
2379	127	1
1011	1578	0
664	2273	0
160	2740	0
201	2480	0
2700	756	1
1804	2277	1
2392	1550	0
437	1436	1
2706	2475	0
2648	370	0
1897	1467	0
2495	797	0
398	1843	1
1894	1432	0
59	1786	1
262	1869	0
1331	198	0
242	2741	0
1610	127	1
2580	127	1
1544	2004	1
444	2157	0
333	1235	1
426	1668	1
287	1632	0
549	1087	1
1979	1436	1
1810	50	0
691	2202	0
2426	127	1
743	627	0
2563	1647	0
1285	336	1
59	749	1
549	1944	1
1077	1492	1
1148	1571	0
2607	1379	0
44	2354	1
334	987	0
1544	672	1
1264	503	0
1303	556	0
59	1214	1
597	363	0
1394	422	0
768	1922	0
168	129	0
1708	891	0
463	1127	0
1240	1352	1
1283	1310	0
533	2136	1
580	1224	0
314	127	1
1994	1938	0
2456	2687	0
1824	2749	1
2416	526	0
930	1955	0
2392	1651	0
1649	1779	0
942	1356	0
163	1709	0
2345	127	1
986	2063	0
31	936	0
356	2289	0
2082	2686	1
1319	1496	0
1544	1753	1
2752	2043	0
2630	2408	0
995	127	1
191	2297	0
1285	1190	1
1546	1492	0
235	2208	0
163	1326	0
1474	952	1
815	1061	0
411	1476	1
1240	1115	1
503	1165	0
821	261	0
2203	1014	1
1611	994	0
571	2435	0
1671	601	0
2716	2023	0
1303	531	0
20	2136	1
1240	799	1
1123	2354	1
741	1591	0
1390	925	0
1544	1755	1
2626	483	0
2654	1012	0
873	1652	0
1850	945	0
1779	2526	1
2288	127	1
2215	83	1
51	2354	1
520	1280	0
970	2032	0
344	1421	1
1563	2514	0
398	945	1
534	1242	0
466	127	1
59	874	1
1535	1032	0
1721	1089	1
1013	466	0
1684	127	1
1364	1792	0
2078	1065	0
1496	791	0
1634	952	1
1936	268	0
1453	975	0
1433	509	0
437	2136	1
1100	1774	0
2354	2354	1
1544	2	1
2215	948	1
1729	757	0
2247	928	1
1355	2214	1
1148	2734	0
192	1635	0
873	1315	0
549	699	1
663	127	1
35	2361	0
330	2214	1
946	1863	0
856	2719	0
883	1396	0
1544	683	1
2182	2734	0
676	1204	0
2744	545	0
20	928	1
1445	618	0
2215	543	1
1901	2508	0
549	2007	1
612	2136	1
525	2452	0
2122	1133	0
2012	1094	0
726	1306	0
1794	1660	0
1076	199	0
1650	127	1
1490	1978	0
604	1057	0
1757	1422	0
526	2641	0
961	127	1
1463	910	0
1634	1631	0
604	1823	0
733	2168	0
391	2519	0
2214	189	1
435	145	0
1921	1647	0
2215	505	1
909	1349	0
981	127	1
26	772	0
94	2581	0
28	726	1
1355	1761	0
201	127	1
2646	984	0
1100	2108	0
1771	2210	0
256	1145	0
2059	307	1
59	1476	1
2386	1092	0
1580	1816	1
1094	1405	0
870	160	0
2373	2462	1
280	952	1
336	445	0
405	127	1
1473	581	1
373	122	0
2146	1366	0
2146	2500	1
1636	1416	1
1308	2233	0
1803	461	0
2345	43	0
1544	1058	1
2601	1065	0
1728	2087	0
709	2487	0
2436	2272	0
1077	1886	1
1077	2556	0
561	2634	0
2695	876	0
549	2733	1
2466	2110	0
604	1535	0
1249	2632	0
867	1405	0
1654	1117	0
1328	2577	0
518	883	0
812	1656	0
2237	127	1
1191	127	1
1914	192	0
2215	1114	1
1843	2712	0
201	2214	1
1352	2720	1
1527	791	0
1742	1139	1
1320	2308	0
1145	1487	0
1242	2315	0
79	756	1
1331	349	0
1563	127	1
2500	1982	1
767	448	0
1285	1705	1
205	1139	1
1544	713	1
1496	1304	1
2133	2567	0
2168	2360	0
69	107	0
1178	106	0
2508	68	0
1781	726	0
535	252	0
1766	1325	0
962	127	1
1544	400	1
918	1632	0
2450	1052	0
791	910	0
2273	2462	0
192	2483	1
2652	1416	1
1580	2117	1
2085	681	0
2263	307	1
1490	1717	0
1544	1802	1
252	2354	1
2416	2417	0
1180	2720	1
2207	1685	0
928	1976	1
59	925	1
434	2136	1
358	1604	0
1551	2197	1
114	267	0
1433	2379	0
1924	2691	0
59	735	1
204	119	0
1064	873	0
604	127	1
2254	356	0
1065	2417	0
1099	1436	1
1074	641	0
2599	1436	1
1784	434	0
1800	127	1
1067	2571	0
1345	1220	0
1763	2451	1
1689	2312	0
246	1216	0
1689	592	0
56	307	1
530	756	1
2561	1436	1
782	229	0
2019	964	0
1504	692	0
1539	890	0
335	122	0
1155	19	0
1544	770	1
270	1792	0
495	1436	1
1133	1771	0
1725	1668	0
639	1922	0
1599	127	1
1544	441	1
1808	249	0
604	928	1
1296	127	1
332	168	0
2235	52	0
429	2322	0
1285	2050	1
2600	1208	0
925	1518	0
1544	1887	1
1580	1055	0
1240	2745	1
2081	127	1
1983	1055	0
459	1595	0
580	127	1
1945	2363	0
1892	1843	1
2618	1521	0
2058	1436	1
433	2749	1
2687	394	0
1544	1048	1
1875	1436	1
1080	789	0
1444	91	0
1069	127	1
2087	1436	1
1005	1356	0
2513	1651	0
1798	1778	0
2139	1508	0
1869	205	0
1836	307	0
1704	94	0
397	2133	0
1788	287	0
1779	52	0
1626	2214	1
2014	106	0
2588	286	0
493	694	0
867	977	0
1544	1632	1
427	127	1
1544	732	1
2318	1140	0
695	2695	0
2606	351	0
1544	1858	1
1240	1991	1
549	597	1
242	2416	0
1678	1463	0
2121	737	0
664	1400	0
715	1455	0
2664	2466	0
2034	2214	1
1276	92	0
651	501	0
1894	2330	0
1080	127	1
433	127	1
1118	2214	1
1477	1368	0
1554	1374	0
1610	143	0
2502	2198	0
892	127	1
994	351	0
1724	180	0
422	2214	1
551	127	1
1992	455	0
804	26	0
1494	127	1
186	35	0
1636	2455	1
574	2214	1
2404	1399	0
1887	2212	0
1004	2749	1
434	519	0
2231	2061	0
59	2618	1
2239	856	0
673	690	0
1937	1591	0
825	127	1
710	69	0
13	2622	0
2379	2136	1
1544	241	1
2513	127	1
2490	1093	0
1375	1520	0
447	2187	1
549	1028	1
776	127	1
966	1145	0
945	1016	0
965	307	1
1285	2602	1
1544	356	1
2214	820	1
1544	2274	1
154	1936	0
1319	1928	0
2021	2136	1
398	2214	1
1760	2122	0
1180	2401	1
2496	1244	0
1651	1477	0
84	147	0
1246	262	0
2063	2716	0
487	1857	0
549	2437	1
59	288	1
1916	966	0
1544	2178	1
2210	654	0
2597	560	0
988	649	0
2338	309	0
2277	1794	1
369	2417	0
52	2477	0
231	472	0
448	1472	0
2239	411	0
441	1663	0
2048	1894	0
691	2146	1
787	1539	0
1544	1789	1
2471	477	0
1926	561	0
1517	127	1
1668	891	0
1240	1870	1
507	127	1
2301	2408	0
796	1711	0
1520	742	0
200	726	0
953	1139	1
1748	1421	1
1176	375	1
1486	1568	1
1486	543	1
405	847	0
1240	532	1
2514	1496	0
270	2237	0
1610	2257	0
941	2136	1
1849	1373	0
742	1126	0
1034	1150	1
2215	2699	1
1150	2501	1
516	1602	0
1575	573	0
2066	1945	0
59	1460	1
229	1278	0
2470	127	1
2469	1139	1
826	2062	0
549	1168	1
1372	1436	1
639	1794	0
2209	448	0
2614	621	0
59	2040	1
1915	1485	0
514	127	1
1389	127	1
791	1826	0
111	2603	0
1352	963	1
859	265	0
695	2136	1
246	898	0
866	127	1
59	1309	1
2122	241	0
309	1543	0
2298	807	0
2214	447	1
2751	1885	0
2347	127	1
1955	1315	0
1636	1871	1
29	100	1
2420	1846	0
824	2588	0
1150	996	1
1077	1014	1
1578	1575	0
347	2168	0
1240	233	1
2681	1821	0
1770	994	0
1406	1436	1
1285	2703	1
980	2285	0
160	2549	0
2337	1077	1
1448	2734	0
1545	1822	0
1228	391	1
59	2146	1
1916	1170	0
341	2692	0
38	826	0
2573	2042	0
271	1092	0
229	1422	0
1088	1436	1
1544	2278	1
47	2228	1
1763	1620	1
2403	1331	0
1077	2537	1
1877	35	0
1725	834	0
374	1142	1
630	127	1
59	2388	1
18	1436	1
1229	1852	0
1579	586	0
1544	731	1
2214	14	1
918	2127	1
816	999	0
1915	2666	0
920	448	0
147	2143	0
1946	1950	0
2597	1238	0
2339	1416	1
405	333	0
160	305	0
1093	448	0
261	2447	0
2207	1055	1
1266	127	1
372	1783	0
2233	2695	0
1391	318	0
2625	988	0
203	307	1
2296	344	0
144	2214	1
1006	315	0
2252	1436	1
2215	1076	1
650	1686	0
2214	310	1
2654	928	1
2333	127	1
185	526	0
2063	417	0
2731	1006	0
2126	1436	1
1099	763	0
1531	1025	0
2365	125	0
1645	2353	1
2151	583	0
1722	2062	0
1544	2617	1
2634	736	0
1232	1027	0
2729	1439	0
2040	1551	0
1954	526	0
1342	1297	0
2602	2348	0
1610	2006	0
268	811	0
2327	13	0
1440	2089	0
1496	2127	1
1223	127	1
744	127	1
1915	256	0
1663	818	0
1478	106	0
2194	1436	1
700	369	0
506	2130	0
1297	2354	1
147	1175	0
2495	2168	0
221	1842	0
1150	424	1
906	2057	0
1255	2420	0
2192	2556	0
59	2067	1
1803	258	0
1294	351	0
1955	735	0
906	2198	0
2048	122	0
2589	1436	1
1041	2277	1
2214	550	1
287	2550	0
1862	127	1
2218	2303	1
1486	70	1
1434	2318	0
1169	2550	0
451	756	1
1966	1796	1
955	1326	1
1166	916	0
1486	2224	1
1325	740	0
477	494	0
2113	127	1
1273	2214	1
1610	1764	0
2192	51	0
1853	2751	0
1287	127	1
2280	2556	0
287	2354	1
1544	322	1
1067	952	1
2011	2254	0
440	127	1
1536	1629	0
1112	2157	0
715	1436	1
1325	2506	0
84	473	1
2756	2354	1
1752	127	1
712	2404	0
731	2065	0
1111	127	1
122	776	0
170	2466	0
1645	375	1
501	952	1
8	1778	0
1635	127	1
1810	2127	1
166	952	1
2725	1054	0
1587	460	0
2198	356	0
2250	857	0
231	1103	0
2237	2666	0
1240	339	1
2112	1429	0
2020	127	1
1304	2749	1
1939	127	1
331	168	0
2181	2554	0
549	234	1
1816	2551	0
847	2595	0
1285	2035	1
2618	1812	0
1836	2222	0
1772	127	1
1507	952	1
2254	606	0
1864	127	1
1681	1026	0
1544	2192	1
1292	1903	0
2763	1883	0
72	100	1
1934	561	0
2646	1770	0
448	2448	0
674	2214	1
265	1218	0
1077	2578	1
2410	370	0
2389	1364	0
1652	718	0
2077	315	0
1416	2146	1
1285	2295	1
1065	127	1
1760	1026	0
1849	599	0
2553	1249	0
925	218	0
1240	359	1
61	801	0
82	127	1
2028	2214	1
341	2181	0
477	1818	0
1634	1040	0
949	2722	0
1982	2214	1
59	518	1
1099	1579	0
574	847	0
1544	2199	1
1352	1541	1
2060	1757	0
725	1747	0
1129	1350	0
578	2751	0
1636	1929	1
2549	1994	0
1075	127	1
1887	147	0
1764	1436	1
864	1618	0
2504	2353	1
549	546	1
606	1835	0
1025	1720	0
691	1892	1
384	92	0
2334	2637	0
2168	1364	0
597	31	0
69	2635	0
178	100	1
2214	233	1
1	988	0
1240	431	1
2162	1286	1
1135	269	0
1100	1752	0
1853	1629	0
2525	530	0
2696	127	1
445	1306	0
112	127	1
1892	2652	1
1336	1297	0
549	340	1
1510	1737	0
1155	347	0
2208	2643	0
940	127	1
1774	804	0
1285	1415	1
445	1616	0
467	952	1
549	570	1
186	691	1
1954	1436	1
2294	1077	1
904	2038	0
2540	304	0
1419	1614	0
270	1637	0
305	307	1
2031	615	0
1562	377	1
59	1379	1
1180	2451	1
391	35	0
2332	2214	1
387	1139	1
608	127	1
859	140	0
2212	476	0
2716	120	0
1104	895	1
1507	745	0
1580	760	1
528	2376	0
1610	2161	0
587	873	0
2214	567	1
1103	1795	0
2011	127	1
2306	804	0
319	881	0
732	1679	0
1077	763	1
1551	2329	1
59	2581	1
2369	2480	0
2181	903	0
1544	2466	1
501	1354	0
694	2136	1
1315	1243	0
8	1161	0
2767	444	1
2265	1268	0
1476	1228	1
63	986	0
2622	1873	0
2646	1949	0
1924	1924	1
905	2143	0
1266	2376	0
59	1477	1
2244	168	0
1663	279	0
1285	2200	1
2214	1733	1
1610	2396	0
1486	1140	1
143	2734	0
1955	1065	0
129	2582	0
1285	28	1
1696	59	1
2319	156	0
669	2334	0
1065	2425	0
360	1947	0
1544	1461	1
59	1463	1
423	2592	1
1531	2062	0
2108	474	0
1914	1656	0
681	1520	0
1313	2746	1
1812	691	0
821	1716	0
1125	229	0
1319	2146	1
1828	1846	0
782	1436	1
1265	2214	1
35	101	0
2085	2275	0
491	1299	0
70	1658	0
1150	2642	1
1921	1256	0
1871	2507	1
2237	1291	0
1023	127	1
1974	1571	0
2037	127	1
1621	1345	0
2296	972	0
2296	2354	1
1636	143	1
1763	2680	1
1345	2380	0
445	502	0
1859	2582	0
1023	664	0
1679	127	1
2031	654	0
1343	1343	1
1913	796	0
1779	164	1
1511	1139	1
409	1165	0
909	104	0
2215	1429	1
2215	1499	1
1112	2652	0
650	952	1
627	2076	0
197	324	0
1163	1772	0
1544	210	1
1174	2066	0
649	1602	0
1654	127	1
2089	2075	0
59	1910	1
1544	1085	1
1544	806	1
1440	2636	0
1096	127	1
1077	1349	1
2744	2481	0
1771	2039	0
1535	925	0
1198	2127	1
1958	127	1
578	1729	0
1080	287	0
1352	843	1
1610	2237	0
989	1139	1
36	1436	1
2289	1545	0
1303	1943	0
1959	1745	0
1181	883	0
2054	1493	0
2214	156	1
2664	127	1
763	516	1
63	509	0
3	2230	0
1721	904	0
1403	303	0
292	127	1
549	651	1
650	1309	0
2145	391	0
518	2025	0
252	100	1
1763	843	1
1453	242	0
563	1329	0
136	1344	0
859	1098	0
1099	35	0
1486	834	1
2303	1217	0
2214	1657	1
2449	3	0
2215	1391	1
802	2136	1
111	2214	1
926	691	1
2139	127	1
249	1780	0
283	2749	1
2701	2534	0
813	2654	0
1794	1803	0
1701	127	1
1541	2142	0
1517	519	0
1544	1935	1
1415	789	0
713	1526	0
272	72	1
624	127	1
1645	652	0
1544	702	1
814	127	1
1517	107	0
59	1504	1
733	1436	1
1621	2401	0
781	1445	0
39	92	0
2317	674	0
535	1139	1
1544	2080	1
1440	2561	0
2144	59	1
108	199	0
675	601	0
192	1138	1
1895	1853	0
1836	958	0
74	127	1
1793	477	0
549	1452	1
1821	1125	0
1616	127	1
1285	353	1
1292	311	0
1240	1183	1
2618	865	0
660	127	1
2222	2014	0
262	35	0
1621	1405	0
18	201	0
517	1729	0
793	2041	0
1843	1832	0
876	176	0
466	952	1
1725	2483	0
2666	1765	0
2215	1503	1
1544	21	1
192	978	1
1011	1421	1
2477	127	1
1513	127	1
205	127	1
1544	1145	1
1544	1451	1
1977	2231	0
2546	2354	1
2125	2177	0
530	2110	0
967	952	1
2359	584	1
1486	1999	1
2289	1640	0
800	192	0
1763	2009	1
863	127	1
556	127	1
192	2538	0
785	1504	0
2247	127	1
100	2340	0
1486	1201	1
59	500	1
768	1682	0
2112	2601	0
159	2023	0
1111	2136	1
2468	139	0
2357	127	1
1544	2168	1
903	156	0
1478	1436	1
2706	127	1
1689	2255	0
2215	1493	1
1086	2525	0
1106	1094	0
47	63	0
1914	1999	0
2154	1163	0
1863	735	0
2108	1070	0
898	606	0
1706	127	1
2214	1285	1
1338	2228	1
1309	2715	0
1735	1040	0
796	1437	0
2449	650	0
548	797	1
2214	2197	1
2677	952	1
1486	2390	1
2014	826	0
12	1616	0
2215	1673	1
641	682	1
518	2420	0
2004	1232	0
549	2291	1
2215	170	1
1637	1139	1
1321	242	0
2265	2136	1
1092	2264	0
2089	2222	0
1696	2145	1
2496	1184	0
1386	2508	0
1544	2052	1
106	1621	0
1555	610	1
1356	2637	0
1352	2745	1
2507	2131	1
869	2348	0
2260	2089	0
2079	1510	0
2523	2493	0
1022	907	0
2710	664	0
2026	1044	0
374	1639	1
252	1436	1
1544	364	1
2388	2057	1
2717	2065	0
883	1775	0
1179	1436	1
993	928	1
1653	29	0
2632	417	0
1975	928	1
804	303	0
2694	2530	0
946	52	0
2212	1792	0
197	1436	1
2090	1883	0
1321	2144	0
1362	1279	0
383	2163	0
2560	1178	0
1064	1436	1
1701	1133	0
2215	2727	1
1630	2127	1
391	2507	1
2496	749	0
2558	127	1
1384	1796	0
2413	756	1
2192	1166	0
1838	959	0
1956	1477	0
291	422	0
59	1993	1
1557	127	1
260	692	0
1486	2562	1
1077	1335	1
1943	2212	0
225	1608	0
429	127	1
1577	229	0
2496	2611	0
1044	1653	0
1873	127	1
212	1329	0
1486	578	1
458	265	0
2591	1436	1
1400	426	0
800	127	1
1840	2687	0
2402	1313	1
860	555	0
880	1569	0
805	2214	1
1476	2144	1
397	1720	0
2340	2602	0
1529	1022	0
574	2127	1
1636	299	1
1733	1150	1
1636	2144	1
1077	477	1
2351	31	0
1561	2127	1
1544	703	1
427	2353	1
560	2749	1
59	444	1
2661	1160	0
1676	1025	0
12	1022	0
1544	2214	1
1382	2538	0
2226	472	0
455	307	1
2367	985	0
698	319	0
1952	493	0
1285	1916	1
683	2260	0
199	1504	0
926	1591	0
2681	928	1
1272	1273	0
2505	1139	1
1285	2585	1
50	1122	0
992	1436	1
654	2460	0
1737	127	1
1544	589	1
2261	69	0
422	719	0
1486	764	1
147	2080	0
2446	178	0
2215	2106	1
768	2539	0
1312	2136	1
2343	466	0
435	925	0
1313	1484	1
2597	2513	0
1199	1955	0
2152	2354	1
2410	100	1
1691	1113	0
1044	584	0
2230	1436	1
897	1292	0
2743	127	1
640	127	1
2449	1257	0
2271	2136	1
1285	2015	1
2011	931	0
1077	600	1
2595	1013	0
1544	528	1
1544	1098	1
545	2062	0
1956	2460	0
1046	1217	0
1486	1525	1
2354	1421	1
1838	2214	1
1544	259	1
2466	224	0
87	425	0
2576	904	0
1544	2273	1
59	1013	1
315	436	0
1580	1852	1
1544	350	1
2198	2450	0
1638	1447	1
2482	2694	0
2296	851	0
1240	720	1
1356	2430	0
1236	1055	0
1992	127	1
1380	2065	0
1072	2211	0
1065	173	0
463	1493	0
764	555	0
1076	1905	0
1345	761	0
856	1604	0
205	1170	0
199	928	1
1362	1987	0
1935	100	1
446	816	0
2378	2614	0
1169	1139	1
1580	172	1
2150	2412	0
2214	2193	1
59	1225	1
109	1436	1
1544	1712	1
1240	1763	1
2121	706	0
411	390	0
2439	1663	0
1022	899	0
2652	1930	0
1109	127	1
1623	1905	0
73	2214	1
2365	127	1
1202	1892	1
1869	1668	0
2630	693	0
2077	656	0
2508	1658	0
798	358	0
24	1955	0
521	2484	0
1207	2136	1
1622	1421	1
2403	2554	0
1831	2334	0
1406	1956	0
1320	1436	1
1216	2731	0
1987	2581	0
718	1397	0
168	127	1
2412	127	1
178	1436	1
927	1914	0
1476	2146	1
1399	2376	0
375	1436	1
549	171	1
1285	532	1
718	1185	0
1111	1288	0
192	1077	1
1175	127	1
1856	127	1
1362	1562	0
753	2214	1
365	365	1
1544	680	1
1382	2415	0
430	1280	0
1245	1713	0
273	2163	0
1604	634	0
2591	127	1
987	1571	0
2473	2136	1
2537	941	0
163	1599	0
1486	2436	1
1725	2280	0
2599	2450	0
1507	2122	0
1905	2204	0
2025	2185	0
1703	1742	0
1081	1892	1
972	1026	0
1753	1463	0
549	289	1
2214	819	1
2112	2061	0
579	100	1
664	1005	0
758	2353	1
1178	272	0
47	1928	0
1663	1208	0
1054	1204	0
1544	2451	1
1647	544	0
296	1903	0
2751	139	0
549	1308	1
691	2339	1
305	477	0
444	325	0
1199	127	1
304	2136	1
2151	2626	0
2445	2103	0
953	655	0
1416	1476	1
776	1955	0
601	2355	0
1711	127	1
2215	1187	1
59	2752	1
2223	2202	0
1212	2652	1
1544	2593	1
2704	363	0
2239	1918	0
1365	134	0
2441	127	1
1136	2709	0
2214	2151	1
2523	928	1
1187	127	1
816	1863	0
528	2118	0
1273	35	0
1006	1968	0
1544	1505	1
1077	1788	1
1837	1139	1
2445	127	1
108	136	0
1544	722	1
2392	675	0
174	2394	0
822	127	1
549	398	1
1656	2052	0
1562	590	1
2205	1703	0
1580	1120	1
900	1782	0
161	161	1
1544	1190	1
864	307	1
26	13	0
1301	2581	0
1634	1331	0
252	1106	0
2052	1364	0
956	1436	1
1077	1996	1
1504	2347	0
967	2056	0
2160	127	1
1282	2731	0
1422	1436	1
1937	1794	0
1610	201	0
1325	1340	0
1240	2236	1
780	226	0
1626	1934	0
2210	1924	0
614	100	1
261	2456	0
1801	1004	0
1441	1197	0
294	1243	0
1801	280	0
1544	1776	1
2462	272	0
941	1963	0
1793	1286	1
449	1421	1
1544	1742	1
1077	2334	1
2244	1179	0
407	2136	1
1878	1436	1
2090	2127	1
1051	883	0
943	2177	0
1842	585	0
2723	44	0
2215	123	1
745	1546	0
1937	160	0
2239	2277	1
164	1798	0
549	1027	1
1645	2749	1
1120	106	0
59	2662	1
664	1436	1
1170	580	0
2011	2256	0
2348	1797	0
2383	127	1
2365	838	0
1520	2731	0
59	1424	1
1097	1905	0
1763	2051	1
1269	127	1
1809	1204	0
609	127	1
387	859	0
841	1745	0
2654	362	0
387	2118	0
319	1791	0
1999	244	0
1987	127	1
2714	1228	0
1869	796	0
868	127	1
833	119	0
1217	127	1
59	59	1
1133	1466	0
1406	383	0
1180	162	1
1544	2686	1
1782	690	0
365	1697	1
2476	2136	1
2214	1552	1
43	618	0
1106	127	1
2215	1397	1
585	756	1
33	127	1
100	127	1
1486	2229	1
2549	895	0
2215	665	1
374	2720	1
737	812	0
2630	548	0
1544	1546	1
1126	544	0
493	1436	1
1648	1894	0
471	745	0
1190	1058	0
655	2214	1
1560	1916	0
655	2327	0
1892	2339	1
61	1531	0
1009	2475	0
1665	448	0
120	987	0
2014	27	0
2234	1139	1
907	2228	1
1858	1072	0
2031	2028	0
1486	43	1
1544	230	1
1571	1258	0
469	290	0
2038	127	1
1192	127	1
508	2162	0
2247	1493	0
2333	1742	0
1544	169	1
709	586	0
2157	2021	0
1206	1848	0
2215	154	1
244	2580	0
647	1286	1
1663	451	0
549	1457	1
59	469	1
2556	2761	0
2153	796	0
1292	1607	0
1080	1436	1
1153	2334	0
1691	895	0
1446	928	1
448	1562	0
1156	1197	0
1010	2136	1
1240	1240	1
2507	2146	1
2215	2641	1
1147	746	0
1285	575	1
2691	1831	0
16	2136	1
107	503	0
2432	583	0
1275	1858	0
463	127	1
1180	488	1
910	928	1
573	104	0
2407	2549	0
1241	1956	0
1352	1033	1
150	127	1
133	2563	0
2348	681	0
549	960	1
1496	2214	1
2353	2455	0
2065	160	0
59	448	1
606	2737	0
1486	2060	1
1544	1615	1
257	845	0
38	2214	1
1486	806	1
736	77	0
242	150	0
235	2110	0
1485	1384	0
1645	797	1
2210	1162	0
1356	2214	1
1544	2065	1
398	586	1
1077	2615	1
1544	1723	1
607	573	0
1580	1660	1
1629	735	0
1562	2542	1
2541	127	1
59	1014	1
2141	2034	0
2635	279	0
2103	2598	0
2169	756	1
1366	2759	0
2065	2707	0
1180	1352	1
1665	127	1
1039	2455	0
533	928	1
2538	508	0
1636	1155	1
1609	1378	0
274	756	1
609	1667	0
856	1055	0
1172	1091	0
1846	2	0
328	1671	0
2415	2136	1
2676	9	0
2472	555	0
1208	127	1
1955	1762	0
1074	1165	0
2215	2140	1
884	475	0
591	2763	0
1654	1382	0
1127	59	1
1462	2462	1
59	1153	0
1008	2214	1
549	2736	1
137	2296	0
587	2180	0
1544	1999	1
59	498	1
2235	1999	0
1974	1139	1
1362	1551	0
1707	127	1
952	127	1
1065	972	0
2620	812	0
2460	917	0
1444	1450	0
344	928	1
1274	1945	0
1579	2469	0
114	108	0
1554	2749	1
59	654	1
1492	127	1
172	391	0
156	1269	0
1538	272	1
1077	1965	1
414	127	1
1708	305	0
1294	1021	0
1396	127	1
2536	1436	1
1929	2112	0
1176	477	0
508	657	1
2466	1786	0
2459	139	0
1674	493	0
1504	1761	0
1757	1550	0
1759	59	1
454	1554	0
1903	1758	0
1486	1644	1
1486	2269	1
1903	1602	0
941	127	1
1686	47	0
1446	715	0
1077	1778	1
1544	2399	1
2582	2272	0
1285	983	1
201	949	0
2043	59	1
2110	2290	0
479	127	1
1544	2198	1
768	952	1
2673	1646	1
2215	2157	1
412	1007	0
1702	856	0
1609	497	0
59	2623	1
668	1007	0
530	1681	0
1486	1527	1
832	127	1
549	1686	1
549	2016	1
861	127	1
2215	2552	1
129	1436	1
2088	1843	1
617	2353	1
1218	464	0
2550	1725	0
1313	1313	1
2371	928	1
1260	1436	1
59	202	1
1180	843	1
398	391	1
1240	2366	1
1035	2062	0
420	1165	0
2092	1074	0
1086	127	1
1790	1668	1
1778	1956	0
1585	652	0
1729	100	0
72	797	1
1440	1967	0
2353	2353	1
1544	889	1
2614	250	0
824	127	1
2260	2136	1
2215	1890	1
1682	2632	0
649	1564	0
999	127	1
2026	1181	0
2215	2731	1
909	127	1
2444	127	1
1700	857	0
454	2011	0
2253	2749	1
1195	365	0
2005	1345	0
2734	2012	0
465	831	0
1148	127	1
276	824	0
1285	2245	1
2309	127	1
1544	987	1
257	2209	0
1373	244	0
2723	127	1
549	2446	1
339	252	0
1990	2127	1
343	299	0
255	307	1
59	155	1
137	127	1
1405	2719	0
1528	952	1
1741	2630	0
1229	307	1
1159	127	1
1763	1415	1
1439	370	0
975	124	0
2034	1699	0
1610	333	0
1656	1805	0
1259	411	0
2414	756	1
1285	1007	1
2079	2303	0
2201	2096	0
1892	1233	1
673	375	1
1620	127	1
64	1421	1
2743	1436	1
2144	398	1
549	794	1
392	127	1
972	1823	0
2088	78	0
2376	127	1
256	1294	0
2320	127	1
2638	1554	0
754	2366	0
1486	2133	1
1853	2495	0
561	2074	0
807	1436	1
1916	2762	0
695	1721	0
800	487	0
1544	229	1
1768	2273	0
398	2146	1
1439	411	0
1546	1366	0
1147	1476	1
92	2	0
1193	2127	1
303	2136	1
59	255	1
1400	127	1
549	2358	1
349	1436	1
1845	2214	1
2556	887	0
2214	2185	1
161	756	1
1763	1311	1
2507	2248	1
1645	1285	1
1566	127	1
286	1792	0
477	1749	0
388	610	1
1081	2500	1
1291	1436	1
1544	193	1
2634	200	0
1544	2644	1
153	1139	1
363	1568	0
549	2026	1
2042	257	0
919	2246	0
925	2543	0
2517	2507	0
2693	1112	0
2467	44	0
2210	127	1
1486	1503	1
1616	39	0
1072	1077	0
2214	379	1
2112	27	0
1097	127	1
2439	146	0
1579	2340	0
1005	2376	0
1554	2379	0
1313	2488	1
1557	2136	1
2065	2174	0
27	127	1
1544	1855	1
2337	2214	1
1216	493	0
1950	1100	0
192	1611	1
868	772	0
1026	465	0
1982	2146	1
59	1894	1
1768	726	0
1999	735	0
33	2425	0
383	127	1
1607	16	0
265	1846	0
386	127	1
2436	480	0
2731	557	0
1633	1442	0
987	2694	0
2446	2627	0
466	124	0
2023	876	0
2661	876	0
1190	1232	0
1544	2111	1
1933	127	1
59	445	1
1521	1578	0
496	1355	0
2308	1321	0
981	192	0
1285	801	1
549	2495	1
1270	2294	1
1055	2087	0
1987	857	0
1850	127	1
679	127	1
836	1300	0
2561	1072	0
2065	1167	0
975	1325	0
1378	701	0
2367	2014	0
2091	1436	1
1240	1262	1
2215	518	1
939	2214	1
1544	721	1
2336	1292	0
35	2276	0
1068	127	1
549	1505	1
1580	1972	1
692	918	0
1637	1436	1
549	1521	1
2041	127	1
927	1436	1
1555	2657	1
2045	445	0
300	1436	1
2454	1004	0
673	2146	0
435	2043	0
797	650	0
525	1945	0
235	2259	0
159	2220	0
2367	29	0
1528	2671	0
1199	1510	0
453	1374	0
568	747	0
1937	999	0
2021	1668	1
559	1778	0
1945	129	0
1261	127	1
1584	2214	1
1937	2497	0
1636	2579	1
299	100	0
1537	2749	1
747	1354	0
1612	1565	0
549	938	1
1197	1184	0
1591	263	0
1180	1115	1
1458	1290	1
1240	595	1
2265	2460	0
2404	1436	1
2133	1119	0
492	127	1
1544	943	1
1716	371	0
453	722	0
1800	1139	1
411	398	1
1544	1247	1
549	2258	1
1198	1928	0
1852	2300	0
1625	1259	0
1473	1204	0
1201	1779	1
660	1378	0
1059	550	1
210	250	0
1029	1668	1
2214	293	1
2077	1565	0
1544	779	1
2577	1528	0
1580	557	1
897	1320	0
1554	310	0
1544	57	1
2125	2378	0
2144	632	0
1123	1476	1
1073	726	0
635	1421	1
1352	297	1
381	531	0
271	2731	0
2146	2146	1
1544	2559	1
549	606	1
1544	1165	1
222	127	1
1562	380	1
2638	1924	0
126	451	0
2224	1421	1
2214	588	1
1905	13	0
2150	1139	1
2638	2211	0
1352	339	1
985	1654	0
880	36	0
226	1133	0
549	1551	1
467	1076	0
398	1892	1
166	1241	0
2203	2533	0
476	127	1
1174	1139	1
641	1283	0
34	988	0
726	508	0
1708	2265	0
1805	176	0
2499	100	1
1591	1347	0
1494	307	1
1544	2075	1
1936	127	1
2662	1587	0
1630	2525	0
1486	528	1
2179	127	1
2280	2273	0
2001	1077	1
31	756	1
1215	2638	0
1416	1838	0
1699	833	0
1932	1791	0
1027	1331	0
1486	2709	1
1544	385	1
1430	2289	0
804	1609	0
22	350	0
2162	2136	1
1012	1032	0
1617	100	1
1544	2411	1
2714	2318	0
1463	1021	0
466	1139	1
1231	859	0
215	1651	0
1217	1916	0
497	1052	0
1530	2136	1
1544	170	1
1063	127	1
549	1734	1
521	1436	1
2121	1762	0
59	1394	1
497	2600	0
2434	127	1
1181	29	0
2340	2475	0
1077	685	1
1275	200	0
1368	344	0
1909	147	0
1846	2132	0
2635	1436	1
1765	978	0
1713	2637	0
1544	2170	1
132	307	1
2146	272	1
398	1263	1
1645	100	1
562	635	0
1180	1183	1
1849	733	0
2486	127	1
2607	1995	0
2333	2450	0
1882	2354	1
2277	2563	1
887	2706	0
1077	1126	1
891	2214	1
2215	761	1
2573	382	0
2254	1247	0
2734	1589	0
1122	1508	0
401	952	1
691	945	1
1240	488	1
357	127	1
1792	2428	0
394	1436	1
785	1919	0
55	756	1
260	1856	0
1147	2139	0
1496	955	0
2214	109	1
476	1757	0
2651	2198	0
1180	1415	1
594	2484	0
1755	1079	0
2540	1668	1
318	2056	0
1633	2128	0
1544	1606	1
2210	836	0
2653	2146	1
2052	952	1
413	1944	0
1831	307	1
1180	374	1
549	208	1
59	1922	1
2507	59	1
2762	1379	0
1384	1930	0
64	127	1
2340	881	0
1303	1105	0
652	857	0
534	1550	0
148	477	0
691	534	0
757	2749	1
273	2616	0
1742	2136	1
2028	540	0
1259	334	0
2744	2253	0
128	1016	0
1544	865	0
344	952	1
258	1496	0
1892	2388	1
1185	1436	1
1256	2032	0
341	1564	0
1099	1398	0
549	549	1
199	2043	0
1544	1876	1
1816	411	0
2214	1238	1
1526	952	1
1226	127	1
1479	127	1
1065	467	0
1221	35	0
693	2353	1
819	700	0
147	1150	1
1810	900	0
1414	1897	0
1043	2353	1
1905	1614	0
2246	1436	1
2215	834	1
2190	2136	1
940	1520	0
1597	1436	1
1763	2401	1
1167	107	0
1944	2388	0
658	127	1
2427	127	1
2484	1734	0
1580	265	1
1169	2306	0
1088	2214	1
2103	2289	0
2394	1520	0
857	260	0
2024	2652	0
598	928	1
1240	1142	1
1172	257	0
1562	244	1
2394	1373	0
1297	226	0
1544	872	1
59	2279	1
1846	1172	0
1962	2043	0
1544	1633	1
1742	1447	1
292	1016	0
782	543	0
2347	1433	0
682	115	1
1240	1250	1
398	1476	1
1554	1419	0
716	718	0
139	2144	0
59	2076	1
1352	2401	1
88	127	1
2034	448	0
2273	2168	0
2133	1719	0
1486	1221	1
324	180	0
56	2142	0
2462	1551	1
97	756	1
870	700	0
238	952	1
749	35	0
656	370	0
571	952	1
2223	1821	0
1470	928	1
1843	2550	0
2381	59	1
1544	366	1
523	1436	1
16	307	1
1236	2317	0
1757	1166	0
2256	127	1
936	92	0
905	31	0
6	1685	0
2219	1521	0
2605	1436	1
1180	1262	1
1486	2073	1
1399	1320	0
952	754	0
1859	465	0
2424	1436	1
459	6	0
1180	339	1
1072	1257	0
2701	127	1
1476	926	1
884	1436	1
804	1946	0
1544	1901	1
2370	2744	0
715	230	0
1432	2239	0
978	1110	0
1493	2471	0
691	1080	1
948	341	0
1433	1078	0
2215	2758	1
26	1720	0
38	693	0
1082	786	0
758	780	0
1190	307	1
915	1364	0
688	695	0
1029	1139	1
2438	928	1
2198	921	0
2214	1313	1
95	127	1
1464	1852	0
999	2162	0
1179	554	0
1619	127	1
2154	2340	0
2683	127	1
2162	127	1
2021	928	1
932	472	0
376	127	1
655	1491	0
1258	601	0
477	1610	0
693	22	0
487	91	0
318	1609	0
2599	2122	0
1085	1286	1
768	2214	1
1595	928	1
2500	398	1
2639	17	0
1868	469	0
1581	864	0
2556	2023	0
1463	1791	0
1544	1545	1
1575	2011	0
1580	1423	1
1486	510	1
1833	1436	1
59	85	1
1914	78	0
162	1240	1
786	36	0
1614	1139	1
2191	436	0
537	1331	0
1029	2353	1
868	655	0
1288	104	0
271	307	1
2517	1972	0
411	1202	1
1285	717	1
273	2579	0
335	683	0
1720	127	1
2507	1202	1
1240	1049	1
1544	2398	1
1564	1753	0
1429	372	0
159	2012	0
2191	718	0
1486	1673	1
2254	2268	0
214	127	1
73	1551	1
330	2128	0
1458	682	1
1544	149	1
272	398	1
1792	336	0
1195	1294	0
226	127	1
1621	634	0
268	1447	1
402	2749	1
1077	2192	0
1392	2749	1
1802	679	0
59	976	1
1544	1251	1
1234	127	1
1544	931	1
1698	2614	0
59	1907	0
470	1436	1
2021	127	1
1783	1382	0
651	787	0
2627	230	0
1170	154	0
59	2713	1
438	1436	1
781	127	1
1265	1784	0
549	2672	1
1722	2671	0
1580	2647	1
411	1103	0
1540	2262	1
356	1656	0
330	2447	0
2144	1416	1
1240	1222	1
1093	2582	0
2036	952	1
2623	12	0
534	594	0
91	2466	0
1444	581	1
1853	954	0
1544	1673	1
1285	2240	1
525	928	1
792	2354	1
1486	2381	1
957	601	0
1285	1502	1
1099	247	0
1352	960	1
483	737	0
217	2277	1
1243	569	1
2574	127	1
2259	1044	0
1486	1434	1
2110	880	0
1739	127	1
1565	320	0
2694	1668	0
515	1444	0
1345	397	0
2214	318	1
405	2507	0
2466	2630	0
31	2157	0
2714	467	0
1004	2506	0
2042	1207	0
1259	2582	0
1531	360	0
2359	1046	0
1444	2450	0
1078	736	0
1654	876	0
12	756	1
1544	2558	1
1198	1713	0
745	626	0
1544	311	1
1544	785	1
1267	127	1
1321	1563	0
1432	1325	0
225	1396	0
339	2348	0
2741	1419	0
2646	2570	0
708	13	0
1032	1645	0
1082	2136	1
856	836	0
1636	1892	1
788	127	1
1486	33	1
1544	576	1
84	1155	0
2416	928	1
263	967	0
1544	2056	1
549	1237	1
448	2597	0
549	783	1
363	715	0
2260	2327	0
2665	2145	1
77	2714	0
1919	292	0
2014	2144	0
51	1436	1
1228	1228	1
1313	855	1
2469	928	1
2314	1139	1
500	1476	1
1877	623	0
382	1433	0
2285	446	0
2014	957	0
1285	558	1
2214	2207	1
2065	2128	0
2214	2522	1
1877	52	0
1285	1904	1
1544	942	1
786	2244	0
361	445	0
489	928	1
2654	1436	1
52	540	0
1132	636	0
638	389	0
1070	2120	0
1374	2622	0
59	1105	1
2298	654	0
533	127	1
980	271	0
204	127	1
1763	532	1
1668	1139	1
1077	623	1
2270	1342	0
2496	939	0
200	1172	0
1381	492	0
1739	2606	0
2495	1445	0
2215	155	1
1661	1651	0
1421	2145	1
2150	1261	0
1285	2588	1
2537	2293	0
271	494	0
1580	327	1
969	2057	1
1580	1211	1
100	100	1
1703	2136	1
1150	2765	1
1554	253	0
46	2136	1
1539	1436	1
446	1277	0
748	2353	1
1544	2667	1
2214	2439	1
808	127	1
2215	299	1
2605	2112	0
1362	376	0
2214	115	1
2464	2469	0
2556	869	0
763	2331	0
1133	2383	0
516	2115	1
822	1905	0
2675	127	1
1040	2353	0
1938	1778	0
2347	1381	0
914	635	0
1580	1106	1
261	1057	0
898	2230	0
1280	1367	0
1645	2228	1
555	1935	0
33	1994	0
1364	1208	0
2591	1445	0
1741	160	0
691	1982	1
1544	371	1
1995	1542	0
2139	1076	0
1758	2462	0
1544	2039	1
1306	1117	0
2420	211	0
2636	727	0
1686	1958	0
1571	2253	0
130	2742	0
1232	756	1
59	903	1
473	299	0
1636	1394	1
1355	2136	1
2151	947	0
816	967	0
1091	2214	1
1763	1142	1
2694	1641	0
336	2737	0
2142	1139	1
59	1704	1
484	2710	1
2654	2354	1
1672	127	1
242	1430	0
819	157	0
418	127	1
1022	1888	0
139	2582	0
1645	1182	0
876	255	0
1868	286	0
777	127	1
1852	1585	0
1544	734	1
726	292	0
887	2616	0
1691	913	0
1690	1591	0
43	1887	0
2331	2072	0
401	1349	0
1275	2250	0
2346	2749	1
1490	1455	0
2264	1436	1
199	127	1
2146	1202	1
2125	2550	0
2490	2523	0
232	1555	1
1153	873	0
2513	857	0
2537	2600	0
2128	127	1
1170	409	0
1350	2676	0
2531	756	1
1956	1463	0
1580	2106	1
2705	2222	0
1892	237	1
2387	928	1
2336	1795	0
1544	1782	1
2378	928	1
2277	2195	1
1923	1403	0
1850	1516	0
1544	1285	1
1380	998	0
638	2133	0
2214	1502	1
1663	127	1
1965	987	0
2205	1634	0
2591	1561	0
287	847	0
465	1301	0
1704	1436	1
549	2678	1
1352	1142	1
2215	1363	1
966	754	0
1959	2127	1
1394	2560	0
2604	127	1
2146	1843	1
783	1139	1
2538	2254	0
1544	403	1
2351	1421	1
2749	1285	1
2214	1970	1
1057	127	1
925	2510	0
2596	2630	0
1539	2455	0
651	2652	0
1419	80	0
295	756	1
1544	2312	1
675	802	0
1194	127	1
80	503	0
1216	57	0
2265	125	0
1651	1832	0
2214	578	1
2215	2604	1
2435	1228	0
1005	2749	1
1580	522	1
1906	100	1
59	765	1
2176	1163	0
954	1938	0
1126	847	0
549	1470	1
1749	1077	1
1957	127	1
549	1507	1
819	1867	0
1956	1791	0
1636	2088	1
2214	547	1
499	1436	1
1585	307	1
563	780	0
1476	972	1
742	1044	0
745	127	1
1544	1254	1
1055	567	1
617	1668	1
1544	723	1
2761	127	1
1280	2303	0
354	2591	0
1797	2513	0
1240	2104	1
1544	2233	1
2485	1436	1
2229	1169	0
549	2598	1
731	426	0
1708	1956	0
1771	509	0
59	2261	1
2533	1875	0
2668	530	0
2601	454	0
1256	2237	0
920	873	0
2673	1860	1
2219	1139	0
1839	2496	0
1173	521	0
501	39	0
2349	2195	0
1544	242	1
2480	1634	0
1064	2214	1
1285	709	1
19	1190	0
1496	2354	1
1373	804	0
306	952	1
1544	471	1
1899	1232	0
2499	1440	0
2013	1436	1
465	1191	0
1225	1433	0
505	1842	0
2254	512	0
664	2002	0
1077	1041	1
2652	2189	0
598	952	1
1197	2156	0
1285	1128	1
1266	2533	0
1150	2121	1
2014	2741	0
320	745	0
718	445	0
1232	126	0
18	107	0
1718	1007	0
1292	122	0
2189	977	0
2133	712	0
1544	2586	1
2215	553	1
59	1673	1
313	1436	1
2214	2478	1
119	1436	1
1729	2137	0
1067	1139	1
59	1803	1
2073	429	0
358	1301	0
2527	1436	1
1412	2279	0
469	1599	0
1486	2604	1
1416	1871	1
1701	2752	0
1366	127	1
549	2750	1
1635	733	0
493	2261	0
2214	1048	1
1729	1916	0
2482	1436	1
264	797	1
2404	1461	0
59	1292	1
1285	180	1
2372	2144	0
2685	1436	1
2333	1832	0
1850	445	0
1174	1289	0
1588	1282	0
1285	734	1
171	2420	0
1574	1166	0
24	1295	0
1903	497	0
1021	1364	0
319	562	0
1580	93	1
275	1436	1
2147	200	0
756	756	1
2598	1426	0
1775	1436	1
2154	756	1
362	307	1
451	1112	0
1094	887	0
1544	1468	1
2511	2087	0
1184	1836	0
1880	127	1
391	2008	0
726	2611	0
1024	127	1
2303	2681	0
2145	2439	0
944	2354	1
437	1421	1
2214	2365	1
181	1826	0
1711	2549	0
374	1352	1
401	2607	0
1544	509	1
907	1713	0
691	771	0
235	1062	0
1957	287	0
52	761	0
683	1846	0
1180	359	1
916	1635	0
1351	1313	1
650	925	0
1544	2300	1
992	2127	1
122	2260	0
384	1436	1
549	344	1
535	307	1
2154	2166	0
1285	1760	0
1486	14	1
2215	288	1
1240	1311	1
2273	461	0
2582	2219	0
2380	737	0
690	1421	0
1486	695	1
250	2136	1
473	586	0
1136	391	0
2027	127	1
1116	1313	1
1180	922	1
428	1304	1
2350	1436	1
59	664	1
2090	503	0
1463	1255	0
246	1869	0
802	469	0
2045	127	1
2530	811	0
1530	127	1
1336	1204	0
1305	2136	1
1645	216	1
1507	127	1
1249	59	0
1104	1174	0
803	640	0
2496	898	0
1352	743	1
2196	2365	0
2529	472	0
1595	1139	1
1580	1608	1
214	737	0
2076	1436	1
1822	2229	0
975	1209	0
52	398	1
1544	78	1
797	797	1
1732	1544	0
160	1277	0
1763	1180	1
59	2112	1
1760	2652	0
2214	1201	1
2412	1928	0
1161	117	0
1635	1916	0
1077	519	1
1760	2607	0
608	2436	0
1556	127	1
140	127	1
107	328	0
1763	1183	1
1508	1667	0
1469	928	1
200	952	1
39	928	1
2509	1922	0
1556	928	1
2105	2014	0
221	127	1
1976	2136	1
1580	316	1
2276	1014	1
1296	474	0
1511	988	0
1113	2467	0
2542	145	0
465	861	0
690	1439	0
2347	1174	0
2466	745	0
2493	2318	0
724	1585	0
2725	1806	0
2651	1067	0
705	2136	1
666	2011	0
1285	1285	1
2090	647	0
2036	127	1
1492	732	0
1307	2353	1
1591	928	1
1285	552	1
2254	1234	0
1059	955	1
308	2219	0
1182	473	1
1240	1541	1
468	314	0
2215	1090	1
201	1139	1
2380	106	0
1390	127	1
1543	1419	0
1593	2749	1
2153	1436	1
512	127	1
1132	635	0
1544	762	1
290	831	0
1823	1651	0
2399	469	0
2025	19	0
1713	1366	0
1486	1817	1
2306	2315	0
1859	127	1
1541	1294	0
2180	2223	0
919	127	1
511	127	1
1094	247	0
43	2040	0
1806	2429	0
1368	1436	1
2467	1919	0
1056	1809	0
2348	2370	0
441	2195	0
795	952	1
1285	1898	1
1946	1676	0
2363	1387	0
706	2067	0
2017	1436	1
1801	2499	0
1098	1350	0
1077	549	1
59	2014	1
2507	1627	1
1294	2173	0
1	1052	0
405	277	0
2146	2395	1
1551	1014	1
2749	2749	1
1019	127	1
949	2012	0
1016	2555	0
1325	1363	0
1077	516	1
700	1768	0
455	1682	0
2741	856	0
2261	1265	0
145	1125	0
2527	883	0
1913	1275	0
1671	2136	1
159	2353	1
2214	106	1
2444	807	0
655	1129	0
1544	2474	1
549	971	1
1285	1769	1
811	2168	0
533	1139	1
1782	2083	0
398	1871	1
2429	139	0
945	1067	0
1955	1420	0
383	1072	0
1580	591	1
1345	2166	0
1133	1313	0
1892	2456	1
520	1436	1
284	391	1
159	1823	0
1029	928	1
1596	127	1
1745	389	0
1328	1293	0
1923	1139	1
2692	1139	1
934	796	0
180	354	0
1065	1742	0
2166	1663	0
273	2743	0
80	1139	1
1783	143	0
530	2430	0
1180	890	1
1057	2420	0
59	590	1
1894	1938	0
1544	1981	1
1240	2352	1
1375	127	1
2132	168	0
2712	2354	1
1493	520	0
134	451	0
348	1725	0
508	34	0
1585	2744	0
549	587	1
163	1076	0
954	692	0
341	1252	0
104	1651	0
1341	2659	0
1982	623	0
1077	853	1
39	1436	1
1201	2716	0
2331	1649	0
1510	2181	0
59	1349	1
1486	655	1
1562	2355	1
408	2354	1
2618	1285	0
367	127	1
1216	1788	0
296	1473	0
2353	133	0
2582	455	0
549	591	1
910	2136	1
2185	201	0
2524	127	1
1040	1731	0
2717	299	0
1766	363	0
2103	127	1
2215	331	1
874	1792	0
2214	1347	1
1544	1293	1
1738	1139	1
2480	2499	0
1136	928	1
1067	1828	0
530	1078	0
1155	1909	0
2214	2445	1
4	928	1
654	709	0
1283	928	1
1436	1742	1
1461	2223	0
107	1425	0
464	1002	0
2359	1474	0
59	6	1
818	467	0
2215	1530	1
958	994	0
1077	2590	1
790	446	0
1580	1090	1
845	2289	0
1544	2649	1
2270	100	1
51	1476	1
365	2223	0
1396	1139	0
1792	198	0
2146	1871	1
1580	1918	1
210	286	0
244	1453	0
1980	127	1
466	1955	0
2028	1797	0
1193	1690	0
2659	2551	0
374	162	1
2215	1975	1
1580	870	1
619	1747	0
2534	2466	0
1597	127	1
1375	1647	0
484	2657	1
387	307	1
185	1907	0
1486	1978	1
2670	1436	1
235	2158	0
2256	2715	0
1907	2181	0
2262	127	1
59	2525	1
117	2596	0
676	475	0
1619	1436	1
562	1441	0
2581	1195	0
137	1803	0
2092	2550	0
47	954	0
374	1240	1
2162	737	0
2390	1032	0
1380	1419	0
293	786	0
1113	1094	0
1977	290	0
706	2127	1
2033	127	1
549	1158	1
2105	990	0
572	2057	1
815	1729	0
59	667	1
2144	2146	1
432	127	1
1512	2725	0
1420	159	0
391	1940	0
2618	2495	0
1329	1111	0
2485	1052	0
1161	422	0
1077	2431	1
2010	2401	0
1544	959	1
953	1919	0
2233	801	0
623	549	0
945	1398	0
967	344	0
999	2430	0
1178	2412	0
389	1436	1
1092	1852	0
1608	2253	0
453	952	1
59	2527	1
468	981	0
1763	1262	1
718	1009	0
802	2154	0
2206	2508	0
1121	473	1
986	2605	0
1285	1122	1
549	1095	1
2429	1510	0
2412	290	0
2401	1240	1
1334	947	0
1486	1489	1
1975	1835	0
2638	247	0
1544	157	1
1155	1059	0
1486	844	1
2683	709	0
1285	1521	1
1139	928	1
1206	1447	1
2107	1905	0
2581	711	0
1180	1240	1
613	1757	0
990	2456	0
691	1416	1
1544	1761	1
1591	454	0
1486	2094	1
332	127	1
1783	381	0
1763	2745	1
842	2261	0
1983	1150	1
80	952	1
2660	2136	1
130	1436	1
2706	918	0
1614	1436	1
2215	308	1
2568	127	1
1098	1303	0
807	414	0
1326	2437	0
128	709	0
1421	59	1
1544	2064	1
1014	1014	1
683	127	1
1984	2136	1
2507	2388	1
1486	223	1
2651	2549	0
82	1436	1
1106	1040	0
2599	2363	0
35	716	0
1322	1334	0
1272	127	1
2071	2354	1
520	420	0
1077	75	1
955	650	0
1542	127	1
604	26	0
2502	1436	1
561	2415	0
2233	746	0
1544	2338	1
1544	2203	1
59	1867	1
950	2210	0
1763	162	1
1771	2487	0
301	2127	1
1544	43	1
673	124	0
2185	2429	0
924	958	0
1271	307	1
549	2325	1
549	723	1
1900	127	1
2652	1421	0
2542	2290	0
1668	127	1
468	52	0
1486	2648	1
107	1342	0
465	734	0
2642	1476	1
94	461	0
1510	603	0
1398	676	0
60	2577	0
1079	1106	0
1553	448	0
2214	2618	1
2568	928	1
1534	726	1
2582	333	0
859	307	1
1554	518	0
139	1340	0
143	127	1
698	1181	0
1840	454	0
1147	100	1
224	127	1
1396	363	0
244	1450	0
1250	2192	0
2334	2261	0
2096	2306	0
333	1823	1
1895	535	0
1544	1408	1
2206	2507	0
2090	2214	1
726	2078	0
2108	2420	0
955	692	1
415	519	0
1885	127	1
1074	2190	0
294	1436	1
2214	1951	1
59	316	1
2289	640	0
2215	2251	1
47	1689	0
309	687	0
890	2482	0
618	453	0
104	1656	0
1544	1527	1
136	59	0
1544	1631	1
1070	291	0
1938	127	1
1946	928	1
1285	1669	1
1077	1177	1
2583	2353	1
59	1052	1
1240	723	1
59	1651	1
1285	1167	1
2215	1435	1
1059	484	1
1285	1401	1
2330	2620	0
463	802	0
1486	2735	1
660	1433	0
1297	1918	0
2537	2445	0
2208	192	0
2550	2681	0
531	1127	0
1080	1433	0
776	1052	0
1897	2395	0
961	1700	0
2142	1539	0
2259	2763	0
309	2080	0
768	1937	0
195	1634	0
2014	1899	0
1081	1228	1
526	1362	0
890	127	1
1698	1436	1
1486	651	1
1607	1500	0
1956	2214	1
1544	2585	1
61	2154	0
1645	473	1
1573	127	1
1544	775	1
391	1892	1
1405	601	0
2438	1433	0
2177	862	0
299	1604	0
154	690	0
1132	1527	0
1955	2351	0
1165	1794	0
1903	9	0
2605	919	0
24	1	0
487	252	0
2353	1334	0
1817	1297	0
2144	1982	1
724	127	1
182	952	1
1609	372	0
2627	127	1
1285	2226	1
2618	413	0
1791	1341	0
328	474	0
1752	52	0
664	2303	0
265	1713	0
635	127	1
1555	127	1
535	127	1
1442	2177	0
2019	1445	0
1852	2074	0
469	281	0
1420	1849	0
1540	127	1
2638	2751	0
1580	1581	1
429	2280	0
59	2641	1
661	1044	0
815	2214	1
1310	35	0
1562	1413	1
292	745	0
1618	1529	0
1786	1436	1
816	1794	0
2391	127	1
299	127	1
1065	761	0
755	1436	1
99	1286	1
634	952	1
2376	258	0
899	1421	1
1812	1436	1
2692	1758	0
2288	1496	0
37	127	1
2407	235	0
1717	1905	0
1290	24	0
1486	1245	1
1725	2268	0
2237	1379	0
842	2127	1
4	127	1
2525	756	1
1544	2511	1
242	335	0
1542	1139	1
620	2749	1
2174	127	1
1680	1812	0
374	359	1
2306	534	0
1010	127	1
2214	1421	1
626	127	1
2443	127	1
1159	446	0
981	391	0
89	2622	0
451	2137	0
1162	1595	0
1201	127	1
1155	1703	0
1127	2440	0
133	1436	1
754	2671	0
683	1304	1
59	218	1
1544	1745	1
389	127	1
2273	1279	0
1544	2614	1
2420	2135	0
1544	1157	1
705	2618	0
1544	1740	1
214	2136	1
2340	57	0
1147	2354	1
2215	1488	1
1208	540	0
1919	127	1
1544	1724	1
2485	727	0
2228	127	1
1636	1211	1
1282	509	0
1615	171	0
2685	127	1
549	2167	1
223	1783	0
2074	127	1
1201	375	1
1763	138	1
1791	623	0
2511	29	0
2249	2195	0
873	127	1
864	2646	0
2135	544	0
932	928	1
144	797	1
682	1779	1
2214	1602	1
556	1405	0
29	1625	0
2723	903	0
2277	1919	0
754	1419	0
2740	1035	0
2333	1630	0
650	127	1
2315	2112	0
2211	360	0
1763	1948	1
1556	2136	1
1486	2603	1
549	13	1
1544	2625	1
2651	127	1
327	1651	0
2233	2108	0
2085	303	0
1544	1167	1
1544	1454	1
1201	2353	1
2031	127	1
1365	568	0
561	2477	0
1544	1045	1
1143	1766	1
330	2603	0
2507	2223	0
2215	245	1
1124	127	1
936	127	1
1352	220	1
512	2195	0
2214	2386	1
280	1836	0
2580	1421	1
46	1280	0
503	2288	0
1852	505	0
1568	1292	0
272	318	0
2102	673	0
932	1294	0
2179	2688	0
1000	1150	1
2506	1128	0
947	1794	0
1663	144	0
1476	2250	1
1240	2238	1
1173	2579	0
1897	761	0
1074	1653	0
1486	1751	1
2214	59	1
1423	1436	1
509	127	1
59	2024	1
2759	1391	0
1562	1522	1
1866	2303	0
312	1325	0
2341	127	1
826	1249	0
1486	67	1
1094	2214	1
568	8	0
284	1892	1
280	1436	1
922	1436	1
761	1065	0
1521	1794	0
1580	1662	1
1082	127	1
2219	1309	0
1432	127	1
1942	1007	0
1763	339	1
59	211	1
2253	2401	0
59	1949	1
446	441	0
1721	474	0
1617	1089	1
1130	59	1
2065	1317	0
369	2122	0
2014	2582	0
459	1280	0
2331	1678	0
682	2704	0
1747	1179	0
1843	1081	1
1080	2136	1
1275	786	0
235	2042	0
2712	1494	0
1763	1053	1
483	2354	1
59	949	1
354	530	0
70	31	0
2331	1592	0
2066	309	0
461	1320	0
776	726	0
1029	1421	1
1165	1238	0
104	917	0
1360	127	1
2582	1808	0
883	2322	0
2281	127	1
78	2043	0
583	896	0
520	1218	0
59	1503	1
1544	269	1
2619	1421	1
2087	1982	0
1892	2500	1
2237	2381	0
59	2182	1
549	81	1
1163	2354	1
1936	195	0
1949	2577	0
8	1757	0
1032	1478	0
2249	737	0
2215	1068	1
1544	1899	1
732	1525	0
140	796	0
2691	2340	0
1544	1623	1
2646	1386	0
59	2298	1
1685	2057	0
1010	1436	1
1763	890	1
1894	492	0
1763	2366	1
999	1245	0
383	518	0
465	836	0
2214	107	1
116	674	0
2466	1761	0
1345	1250	0
1743	1629	0
2279	594	0
1744	127	1
2094	2394	0
290	2225	0
59	1402	1
515	1958	0
920	33	0
977	2072	0
1383	756	1
2137	139	0
2052	1286	1
59	207	1
320	1160	0
1544	248	1
2702	1139	1
551	2214	1
59	360	1
1544	847	1
2188	1232	0
908	1796	1
1612	2042	0
1892	1319	1
800	1275	0
2144	545	0
1946	798	0
616	1297	0
1132	970	0
2303	1661	0
695	50	0
410	127	1
594	791	0
700	756	1
1565	2185	0
1578	1294	0
549	1031	1
2630	928	1
2019	1440	0
1806	1412	0
1580	671	1
810	127	1
365	487	0
928	127	1
2144	2085	0
1909	127	1
2210	1944	0
692	2315	0
1642	127	1
1621	1162	0
1285	515	1
1516	1783	0
184	2749	1
1198	797	1
50	441	0
22	2233	0
1285	2573	1
408	451	0
1627	2146	1
2379	2496	0
446	1705	0
2147	1285	1
2484	2094	0
2105	1851	1
3	1774	0
745	1715	0
2507	632	1
1608	1999	0
475	476	0
1136	104	0
439	59	1
727	127	1
411	2675	0
155	127	1
361	127	1
2652	1100	0
2030	127	1
174	1848	0
479	307	1
1760	127	1
1539	127	1
1077	1692	1
2711	1059	1
1592	127	1
1211	2394	0
2031	733	0
1544	2394	1
621	2347	0
1135	1569	0
666	1184	0
87	2763	0
1972	1245	0
1392	235	0
2462	2329	1
1265	1326	0
466	687	0
1651	260	0
2190	1729	0
733	147	0
1079	763	0
374	1150	1
2144	2657	0
2145	674	1
2204	2495	0
2695	1379	0
1786	1421	1
1565	57	0
972	1090	0
2753	2277	1
1538	59	1
2044	2136	1
2692	127	1
2215	1050	1
409	61	0
2367	2701	0
1243	1194	0
1007	1861	0
1947	2353	1
1835	1436	1
946	2394	0
2208	1441	0
390	1436	1
1517	455	0
9	264	0
226	1387	0
1965	191	0
1717	375	1
787	2338	0
549	2317	1
2195	984	0
2591	1945	0
29	781	0
1180	65	1
1587	127	1
2617	261	0
1077	279	1
2538	876	0
412	2136	1
1013	654	0
2691	1674	0
2734	1808	0
336	2466	0
1846	877	0
1935	690	0
2546	2273	0
2523	483	0
1729	2369	0
1649	2423	0
1723	120	0
1097	420	0
1341	2214	1
1924	1317	0
1544	543	1
1562	2324	1
1868	555	0
59	1624	1
1240	1986	1
2563	2096	0
177	1077	1
2561	2743	0
1580	1963	1
1565	127	1
1051	1667	0
1585	900	0
2006	1490	0
2643	687	0
2507	237	1
2675	857	0
1544	2429	1
1467	1794	0
1153	104	0
387	2136	1
997	2214	1
1272	2136	1
327	1504	0
1001	1032	0
994	2231	0
656	127	1
1863	104	0
1954	1869	0
1829	2354	1
182	1436	1
279	2268	0
1218	2261	0
244	159	0
2551	1277	0
1774	192	0
1069	2749	1
405	1892	0
1716	1436	1
2254	1228	0
1333	2127	1
2214	538	1
1544	2380	1
764	29	0
1084	1405	0
59	2420	1
1240	1824	1
577	192	0
382	1695	0
487	491	0
1285	828	1
2365	1857	0
1544	857	1
1486	1949	1
1544	2012	1
421	2749	1
1544	1727	1
2408	2386	0
1727	1615	0
1077	409	1
2207	59	1
257	1797	0
2215	1247	1
2239	509	0
1795	2277	1
1544	2738	1
2239	1402	0
1067	1982	0
1276	2063	0
1805	1001	0
1366	2697	0
2142	225	0
496	999	0
1180	2745	1
1273	1433	0
1544	938	1
1353	127	1
726	2275	0
925	2599	0
1283	1702	0
2417	948	0
2176	127	1
1036	756	1
477	2716	0
549	1242	1
180	2179	0
1874	2715	0
1506	756	1
1613	1924	0
549	2553	1
1203	260	0
700	780	0
2109	127	1
2188	1436	1
2687	1228	0
1128	1703	0
531	687	0
2503	2127	1
2076	673	0
2184	2749	1
59	1133	1
1147	2031	0
2607	2150	0
934	50	0
1915	2687	0
1180	1948	1
1705	1436	1
1708	293	0
925	2070	0
2129	519	0
1655	1838	0
972	1161	0
1544	212	1
1828	307	1
1936	791	0
677	1139	1
1663	1674	0
732	1788	0
2089	1616	0
2555	2623	0
312	1803	0
549	2367	1
2063	2705	0
1308	216	1
2230	2445	1
1812	1135	0
1544	544	1
549	2055	1
1147	1436	1
1363	127	1
2310	127	1
1873	1421	1
1290	876	0
9	1821	0
549	1600	1
2477	954	0
924	1315	1
817	1150	1
610	1035	0
1209	127	1
2146	237	1
8	1436	1
95	1321	0
768	127	1
1496	731	0
59	1531	1
2551	445	0
1321	847	0
354	952	1
1544	2480	1
2661	2391	0
2625	122	0
1240	2022	1
1607	2036	1
91	1526	0
201	1812	0
218	1852	0
59	1332	1
1040	2317	0
687	544	0
1486	2740	1
2142	1783	0
2595	2136	1
1240	714	1
1999	883	0
1544	2409	1
684	500	1
325	692	0
1645	1625	0
437	1139	1
59	2510	1
148	1294	0
1795	1205	0
1544	701	1
1198	2206	0
1899	1689	0
1297	1476	1
1544	2601	1
1015	1794	0
611	2749	1
473	1436	1
1720	314	0
1768	1794	0
925	510	0
1476	1476	1
1067	1243	0
1259	1436	1
84	363	0
2596	501	0
59	2594	1
252	664	0
1680	518	0
2158	216	1
1580	24	1
523	1285	1
675	127	1
1510	2336	0
1091	315	0
1616	2652	0
393	127	1
902	127	1
965	1320	0
2074	2454	0
358	2010	0
1094	35	0
492	927	0
1394	1074	0
2214	1545	1
1544	832	1
736	1399	0
59	1362	1
2214	305	1
182	127	1
2214	870	1
2509	1197	0
674	59	1
2698	127	1
549	751	1
1147	1415	0
475	1521	0
1544	1879	1
2303	1065	0
1150	1114	1
108	2190	0
1782	2261	0
1210	1436	1
549	841	1
2215	1402	1
2214	2498	1
1436	1436	1
1077	2450	1
2132	2136	1
2694	362	0
2334	1168	0
1544	334	1
1580	1874	1
1108	756	1
524	1436	1
1257	1783	0
284	1843	1
1656	1448	0
1077	674	1
1625	1204	0
1703	127	1
2696	1436	1
1659	127	1
1976	429	0
2091	133	0
1446	1208	0
1557	928	1
1019	1680	0
96	127	1
2616	1907	0
890	2189	0
989	2394	0
1544	1613	1
1256	2089	0
104	797	1
1563	1575	0
1544	758	1
365	2220	0
313	1304	1
2287	127	1
1690	857	0
1285	494	1
1580	2520	1
601	1644	0
2643	1883	0
2412	2075	0
2272	230	0
1291	952	1
2636	1272	0
1783	1722	0
496	619	0
660	1587	0
549	2570	1
518	1476	1
1707	1150	1
2308	111	0
335	1436	1
1580	754	1
2260	127	1
978	1232	0
555	2749	0
2341	307	1
1544	1609	1
920	1474	0
795	1508	0
135	1304	1
198	857	0
539	127	1
2029	127	1
2462	1666	1
898	2063	0
2120	1963	0
551	1285	1
1306	434	0
715	1098	0
936	2354	1
1654	1165	0
2308	1357	0
52	1399	0
1228	1892	1
890	866	0
2386	646	0
2654	2290	0
1464	2113	0
59	2208	1
309	100	1
2665	59	1
1426	1443	0
59	594	1
1240	1339	1
1843	2507	1
1467	819	0
46	2447	0
31	2399	0
201	848	0
1269	481	0
725	868	0
1486	305	1
1511	2089	0
833	1588	0
252	1476	1
2008	127	1
2741	127	1
2001	2214	1
391	411	1
271	127	1
1544	485	1
2266	127	1
2181	2142	0
1542	1303	0
934	1421	1
1285	697	1
1728	1536	0
2607	1760	0
2034	2127	1
698	1194	0
1544	2083	1
2265	1467	0
125	2517	0
1557	1433	0
2687	2136	1
786	1436	1
416	127	1
2477	401	0
2501	2632	0
1695	601	0
1405	198	0
1569	1436	1
201	1447	1
2268	127	1
676	1520	0
1421	127	1
2043	1685	0
1099	2211	0
2378	348	0
1544	839	1
59	865	1
1946	1936	0
1486	155	1
713	1379	0
2447	2561	0
1958	1409	0
1544	1295	1
1303	2214	1
1285	7	1
1379	2462	0
947	127	1
2610	928	1
1924	639	0
2048	2067	0
2181	1771	0
688	2239	0
1953	127	1
1328	2401	0
1955	571	0
2214	1590	1
985	229	0
494	927	0
549	933	1
553	1915	0
823	235	0
1931	391	0
774	1436	1
1900	1139	1
235	78	0
1544	1411	1
1561	740	0
398	1954	1
2146	586	1
94	2492	0
